Timestamp,Target Temperature (째C),Actual Temperature (째C),Relative Humidity (%),Target Maximum Temperature (째C),Target Minimum Temperature (째C)
2020-04-28 00:19:04,28.0,22.6,45.0,22.0,16.0
2020-04-28 00:49:04,28.0,22.5,45.0,22.0,16.0
2020-04-28 01:19:04,28.0,22.4,45.0,22.0,16.0
2020-04-28 01:49:04,28.0,22.4,46.0,22.0,16.0
2020-04-28 02:19:04,28.0,22.3,46.0,22.0,16.0
2020-04-28 02:49:04,28.0,22.2,47.0,22.0,16.0
2020-04-28 03:19:04,28.0,22.2,47.0,22.0,16.0
2020-04-28 03:49:04,28.0,22.1,47.0,22.0,16.0
2020-04-28 04:19:04,28.0,22.1,47.0,22.0,16.0
2020-04-28 04:49:04,28.0,22.1,46.0,22.0,16.0
2020-04-28 05:19:04,28.0,22.0,47.0,22.0,16.0
2020-04-28 05:49:04,28.0,22.0,49.0,22.0,16.0
2020-04-28 06:19:04,28.0,22.2,51.0,22.0,16.0
2020-04-28 06:49:04,28.0,22.3,53.0,22.0,16.0
2020-04-28 07:19:04,28.0,22.8,53.0,22.0,16.0
2020-04-28 07:49:04,28.0,23.5,52.0,22.0,16.0
2020-04-28 08:19:04,28.0,24.3,52.0,22.0,16.0
2020-04-28 08:49:04,21.3,24.8,47.0,25.0,15.0
2020-04-28 09:19:04,21.3,25.2,45.0,25.0,15.0
2020-04-28 09:49:04,22.5,26.0,44.0,25.0,15.0
2020-04-28 10:19:04,22.5,26.3,50.0,25.0,15.0
2020-04-28 10:49:04,23.5,26.3,56.0,25.0,15.0
2020-04-28 11:19:04,23.5,26.5,57.0,25.0,15.0
2020-04-28 11:49:04,24.3,27.5,51.0,25.0,15.0
2020-04-28 12:19:04,24.3,28.9,50.0,25.0,15.0
2020-04-28 12:49:04,24.8,28.7,42.0,25.0,15.0
2020-04-28 13:19:04,24.8,27.9,43.0,25.0,15.0
2020-04-28 13:49:04,25.0,27.2,45.0,25.0,15.0
2020-04-28 14:19:04,25.0,26.6,49.0,25.0,15.0
2020-04-28 14:49:04,24.8,26.1,50.0,25.0,15.0
2020-04-28 15:19:04,24.8,25.4,50.0,25.0,15.0
2020-04-28 15:49:04,24.3,25.1,53.0,25.0,15.0
2020-04-28 16:19:04,24.3,24.9,56.0,25.0,15.0
2020-04-28 16:49:04,23.5,24.4,57.0,25.0,15.0
2020-04-28 17:19:04,23.5,24.1,57.0,25.0,15.0
2020-04-28 17:49:04,22.5,23.9,57.0,25.0,15.0
2020-04-28 18:19:04,22.5,23.9,57.0,25.0,15.0
2020-04-28 18:49:04,21.3,23.8,58.0,25.0,15.0
2020-04-28 19:19:04,21.3,23.8,58.0,25.0,15.0
2020-04-28 19:49:04,20.0,23.7,58.0,25.0,15.0
2020-04-28 20:19:04,20.0,23.5,58.0,25.0,15.0
2020-04-28 20:49:04,18.7,23.3,59.0,25.0,15.0
2020-04-28 21:19:04,18.7,23.0,60.0,25.0,15.0
2020-04-28 21:49:04,17.5,22.8,62.0,25.0,15.0
2020-04-28 22:19:04,17.5,22.5,64.0,25.0,15.0
2020-04-28 22:49:04,16.5,22.3,64.0,25.0,15.0
2020-04-28 23:19:04,16.5,22.1,65.0,25.0,15.0
2020-04-28 23:49:04,15.7,22.1,65.0,25.0,15.0
2020-04-29 00:19:04,15.7,22.0,65.0,25.0,15.0
2020-04-29 00:49:04,15.2,22.0,66.0,25.0,15.0
2020-04-29 01:19:04,15.2,22.0,66.0,25.0,15.0
2020-04-29 01:49:04,15.0,21.9,66.0,25.0,15.0
2020-04-29 02:19:04,15.0,21.7,66.0,25.0,15.0
2020-04-29 02:49:04,15.2,21.2,65.0,25.0,15.0
2020-04-29 03:19:04,15.2,20.9,65.0,25.0,15.0
2020-04-29 03:49:04,15.7,20.6,64.0,25.0,15.0
2020-04-29 04:19:04,15.7,20.2,64.0,25.0,15.0
2020-04-29 04:49:04,16.5,20.0,65.0,25.0,15.0
2020-04-29 05:19:04,16.5,20.0,65.0,25.0,15.0
2020-04-29 05:49:04,17.5,20.0,62.0,25.0,15.0
2020-04-29 06:19:04,17.5,19.9,64.0,25.0,15.0
2020-04-29 06:49:04,18.7,20.0,65.0,25.0,15.0
2020-04-29 07:19:04,18.7,20.2,66.0,25.0,15.0
2020-04-29 07:49:04,20.0,20.4,64.0,25.0,15.0
2020-04-29 08:19:04,20.0,20.6,62.0,25.0,15.0
2020-04-29 08:49:04,21.3,21.4,61.0,25.0,15.0
2020-04-29 09:19:04,21.3,22.1,59.0,25.0,15.0
2020-04-29 09:49:04,22.5,23.1,52.0,25.0,15.0
2020-04-29 10:19:04,22.5,24.5,48.0,25.0,15.0
2020-04-29 10:49:04,23.5,27.0,41.0,25.0,15.0
2020-04-29 11:19:04,23.5,28.1,37.0,25.0,15.0
2020-04-29 11:49:04,24.3,29.0,32.0,25.0,15.0
2020-04-29 12:19:04,24.3,28.6,31.0,25.0,15.0
2020-04-29 12:49:04,24.8,28.2,31.0,25.0,15.0
2020-04-29 13:19:04,24.8,26.4,38.0,25.0,15.0
2020-04-29 13:49:04,25.0,25.3,43.0,25.0,15.0
2020-04-29 14:19:04,25.0,27.9,41.0,25.0,15.0
2020-04-29 14:49:04,24.8,27.7,36.0,25.0,15.0
2020-04-29 15:19:04,24.8,26.8,37.0,25.0,15.0
2020-04-29 15:49:04,24.3,25.5,40.0,25.0,15.0
2020-04-29 16:19:04,24.3,24.9,43.0,25.0,15.0
2020-04-29 16:49:04,23.5,23.9,45.0,25.0,15.0
2020-04-29 17:19:04,23.5,22.8,47.0,25.0,15.0
2020-04-29 17:49:04,22.5,23.0,49.0,25.0,15.0
2020-04-29 18:19:04,22.5,22.9,51.0,25.0,15.0
2020-04-29 18:49:04,21.3,22.6,49.0,25.0,15.0
2020-04-29 19:19:04,21.3,21.7,48.0,25.0,15.0
2020-04-29 19:49:04,20.0,21.2,49.0,25.0,15.0
2020-04-29 20:19:04,20.0,20.6,50.0,25.0,15.0
2020-04-29 20:49:04,18.7,20.2,51.0,25.0,15.0
2020-04-29 21:19:04,18.7,19.8,51.0,25.0,15.0
2020-04-29 21:49:04,17.5,19.7,51.0,25.0,15.0
2020-04-29 22:19:04,17.5,19.3,51.0,25.0,15.0
2020-04-29 22:49:04,16.5,19.2,52.0,25.0,15.0
2020-04-29 23:19:04,16.5,18.9,53.0,25.0,15.0
2020-04-29 23:49:04,15.7,18.9,53.0,25.0,15.0
2020-04-30 00:19:04,15.7,18.8,53.0,25.0,15.0
2020-04-30 00:49:04,15.2,18.7,53.0,25.0,15.0
2020-04-30 01:19:04,15.2,18.5,54.0,25.0,15.0
2020-04-30 01:49:04,15.0,18.4,54.0,25.0,15.0
2020-04-30 02:19:04,15.0,18.1,55.0,25.0,15.0
2020-04-30 02:49:04,15.2,17.9,55.0,25.0,15.0
2020-04-30 03:19:04,15.2,17.7,55.0,25.0,15.0
2020-04-30 03:49:04,15.7,17.8,57.0,25.0,15.0
2020-04-30 04:19:04,15.7,17.6,57.0,25.0,15.0
2020-04-30 04:49:04,16.5,17.5,57.0,25.0,15.0
2020-04-30 05:19:04,16.5,17.1,57.0,25.0,15.0
2020-04-30 05:49:04,17.5,17.3,58.0,25.0,15.0
2020-04-30 06:19:04,17.5,17.7,59.0,25.0,15.0
2020-04-30 06:49:04,18.7,18.2,61.0,25.0,15.0
2020-04-30 07:19:04,18.7,19.2,60.0,25.0,15.0
2020-04-30 07:49:04,20.0,19.8,56.0,25.0,15.0
2020-04-30 08:19:04,20.0,20.5,54.0,25.0,15.0
2020-04-30 08:49:04,21.3,21.9,48.0,25.0,15.0
2020-04-30 09:19:04,21.3,23.3,46.0,25.0,15.0
2020-04-30 09:49:04,22.5,25.1,41.0,25.0,15.0
2020-04-30 10:19:04,22.5,26.9,37.0,25.0,15.0
2020-04-30 10:49:04,23.5,26.0,34.0,25.0,15.0
2020-04-30 11:19:04,23.5,27.2,36.0,25.0,15.0
2020-04-30 11:49:04,24.3,27.2,32.0,25.0,15.0
2020-04-30 12:19:04,24.3,27.9,33.0,25.0,15.0
2020-04-30 12:49:04,24.8,28.0,33.0,25.0,15.0
2020-04-30 13:19:04,24.8,28.1,31.0,25.0,15.0
2020-04-30 13:49:04,25.0,26.9,32.0,25.0,15.0
2020-04-30 14:19:04,25.0,26.8,33.0,25.0,15.0
2020-04-30 14:49:04,24.8,28.2,29.0,25.0,15.0
2020-04-30 15:19:04,24.8,27.8,27.0,25.0,15.0
2020-04-30 15:49:04,24.3,26.0,34.0,25.0,15.0
2020-04-30 16:19:04,24.3,23.9,40.0,25.0,15.0
2020-04-30 16:49:04,23.5,23.6,43.0,25.0,15.0
2020-04-30 17:19:04,23.5,22.9,47.0,25.0,15.0
2020-04-30 17:49:04,22.5,22.7,50.0,25.0,15.0
2020-04-30 18:19:04,22.5,22.4,51.0,25.0,15.0
2020-04-30 18:49:04,21.3,21.8,49.0,25.0,15.0
2020-04-30 19:19:04,21.3,20.8,48.0,25.0,15.0
2020-04-30 19:49:04,20.0,20.7,50.0,25.0,15.0
2020-04-30 20:19:04,20.0,20.6,51.0,25.0,15.0
2020-04-30 20:49:04,18.7,20.3,48.0,25.0,15.0
2020-04-30 21:19:04,18.7,19.5,49.0,25.0,15.0
2020-04-30 21:49:04,17.5,19.1,50.0,25.0,15.0
2020-04-30 22:19:04,17.5,18.9,49.0,25.0,15.0
2020-04-30 22:49:04,16.5,18.8,48.0,25.0,15.0
2020-04-30 23:19:04,16.5,18.4,48.0,25.0,15.0
2020-04-30 23:49:04,15.7,18.3,49.0,25.0,15.0
2020-05-01 00:19:04,15.7,18.1,50.0,25.0,15.0
2020-05-01 00:49:04,15.2,17.9,50.0,25.0,15.0
2020-05-01 01:19:04,15.2,18.0,51.0,25.0,15.0
2020-05-01 01:49:04,15.0,17.8,52.0,25.0,15.0
2020-05-01 02:19:04,15.0,17.7,54.0,25.0,15.0
2020-05-01 02:49:04,15.2,17.6,54.0,25.0,15.0
2020-05-01 03:19:04,15.2,17.7,56.0,25.0,15.0
2020-05-01 03:49:04,15.7,17.8,56.0,25.0,15.0
2020-05-01 04:19:04,15.7,17.8,57.0,25.0,15.0
2020-05-01 04:49:04,16.5,17.8,57.0,25.0,15.0
2020-05-01 05:19:04,16.5,17.8,57.0,25.0,15.0
2020-05-01 05:49:04,17.5,17.8,58.0,25.0,15.0
2020-05-01 06:19:04,17.5,17.8,58.0,25.0,15.0
2020-05-01 06:49:04,18.7,18.2,61.0,25.0,15.0
2020-05-01 07:19:04,18.7,19.5,61.0,25.0,15.0
2020-05-01 07:49:04,20.0,20.2,57.0,25.0,15.0
2020-05-01 08:19:04,20.0,20.5,56.0,25.0,15.0
2020-05-01 08:49:04,21.3,21.4,55.0,25.0,15.0
2020-05-01 09:19:04,21.3,22.9,50.0,25.0,15.0
2020-05-01 09:49:04,22.5,23.7,46.0,25.0,15.0
2020-05-01 10:19:04,22.5,24.5,43.0,25.0,15.0
2020-05-01 10:49:04,23.5,25.4,40.0,25.0,15.0
2020-05-01 11:19:04,23.5,25.7,40.0,25.0,15.0
2020-05-01 11:49:04,24.3,26.8,37.0,25.0,15.0
2020-05-01 12:19:04,24.3,27.0,38.0,25.0,15.0
2020-05-01 12:49:04,24.8,27.2,37.0,25.0,15.0
2020-05-01 13:19:04,24.8,27.4,37.0,25.0,15.0
2020-05-01 13:49:04,25.0,28.0,34.0,25.0,15.0
2020-05-01 14:19:04,25.0,29.1,32.0,25.0,15.0
2020-05-01 14:49:04,24.8,29.0,31.0,25.0,15.0
2020-05-01 15:19:04,24.8,26.7,37.0,25.0,15.0
2020-05-01 15:49:04,24.3,25.8,41.0,25.0,15.0
2020-05-01 16:19:04,24.3,25.1,44.0,25.0,15.0
2020-05-01 16:49:04,23.5,24.1,46.0,25.0,15.0
2020-05-01 17:19:04,23.5,23.1,49.0,25.0,15.0
2020-05-01 17:49:04,22.5,23.1,52.0,25.0,15.0
2020-05-01 18:19:04,22.5,22.9,55.0,25.0,15.0
2020-05-01 18:49:04,21.3,22.6,53.0,25.0,15.0
2020-05-01 19:19:04,21.3,21.9,53.0,25.0,15.0
2020-05-01 19:49:04,20.0,21.7,55.0,25.0,15.0
2020-05-01 20:19:04,20.0,21.4,55.0,25.0,15.0
2020-05-01 20:49:04,18.7,21.2,58.0,25.0,15.0
2020-05-01 21:19:04,18.7,21.1,58.0,25.0,15.0
2020-05-01 21:49:04,17.5,21.0,59.0,25.0,15.0
2020-05-01 22:19:04,17.5,20.8,59.0,25.0,15.0
2020-05-01 22:49:04,16.5,20.7,61.0,25.0,15.0
2020-05-01 23:19:04,16.5,20.4,62.0,25.0,15.0
2020-05-01 23:49:04,15.7,20.2,62.0,25.0,15.0
2020-05-02 00:19:04,15.7,20.0,62.0,25.0,15.0
2020-05-02 00:49:04,15.2,19.9,62.0,25.0,15.0
2020-05-02 01:19:04,15.2,19.8,63.0,25.0,15.0
2020-05-02 01:49:04,15.0,19.6,63.0,25.0,15.0
2020-05-02 02:19:04,15.0,19.5,64.0,25.0,15.0
2020-05-02 02:49:04,15.2,19.4,64.0,25.0,15.0
2020-05-02 03:19:04,15.2,19.4,64.0,25.0,15.0
2020-05-02 03:49:04,15.7,19.3,65.0,25.0,15.0
2020-05-02 04:19:04,15.7,19.3,65.0,25.0,15.0
2020-05-02 04:49:04,16.5,19.3,65.0,25.0,15.0
2020-05-02 05:19:04,16.5,19.4,65.0,25.0,15.0
2020-05-02 05:49:04,17.5,19.4,64.0,25.0,15.0
2020-05-02 06:19:04,17.5,19.4,65.0,25.0,15.0
2020-05-02 06:49:04,18.7,19.5,65.0,25.0,15.0
2020-05-02 07:19:04,18.7,20.0,65.0,25.0,15.0
2020-05-02 07:49:04,20.0,20.8,63.0,25.0,15.0
2020-05-02 08:19:04,20.0,22.1,56.0,25.0,15.0
2020-05-02 08:49:04,21.3,23.1,53.0,25.0,15.0
2020-05-02 09:19:04,21.3,24.0,50.0,25.0,15.0
2020-05-02 09:49:04,22.5,25.0,48.0,25.0,15.0
2020-05-02 10:19:04,22.5,25.6,47.0,25.0,15.0
2020-05-02 10:49:04,23.5,26.4,43.0,25.0,15.0
2020-05-02 11:19:04,23.5,27.4,41.0,25.0,15.0
2020-05-02 11:49:04,24.3,27.9,39.0,25.0,15.0
2020-05-02 12:19:04,24.3,28.2,39.0,25.0,15.0
2020-05-02 12:49:04,24.8,29.0,38.0,25.0,15.0
2020-05-02 13:19:04,24.8,30.5,36.0,25.0,15.0
2020-05-02 13:49:04,25.0,30.5,32.0,25.0,15.0
2020-05-02 14:19:04,25.0,30.8,36.0,25.0,15.0
2020-05-02 14:49:04,24.8,30.8,34.0,25.0,15.0
2020-05-02 15:19:04,24.8,31.0,33.0,25.0,15.0
2020-05-02 15:49:04,24.3,30.5,35.0,25.0,15.0
2020-05-02 16:19:04,24.3,29.9,35.0,25.0,15.0
2020-05-02 16:49:04,23.5,27.8,37.0,25.0,15.0
2020-05-02 17:19:04,23.5,25.8,42.0,25.0,15.0
2020-05-02 17:49:04,22.5,24.3,46.0,25.0,15.0
2020-05-02 18:19:04,22.5,23.3,48.0,25.0,15.0
2020-05-02 18:49:04,21.3,22.8,49.0,25.0,15.0
2020-05-02 19:19:04,21.3,22.4,49.0,25.0,15.0
2020-05-02 19:49:04,20.0,22.2,50.0,25.0,15.0
2020-05-02 20:19:04,20.0,21.9,48.0,25.0,15.0
2020-05-02 20:49:04,18.7,21.6,47.0,25.0,15.0
2020-05-02 21:19:04,18.7,21.5,47.0,25.0,15.0
2020-05-02 21:49:04,17.5,21.2,49.0,25.0,15.0
2020-05-02 22:19:04,17.5,21.0,49.0,25.0,15.0
2020-05-02 22:49:04,16.5,20.8,51.0,25.0,15.0
2020-05-02 23:19:04,16.5,20.7,50.0,25.0,15.0
2020-05-02 23:49:04,15.7,20.2,51.0,25.0,15.0
2020-05-03 00:19:04,15.7,19.5,50.0,25.0,15.0
2020-05-03 00:49:04,15.2,18.8,52.0,25.0,15.0
2020-05-03 01:19:04,15.2,18.3,52.0,25.0,15.0
2020-05-03 01:49:04,15.0,18.3,53.0,25.0,15.0
2020-05-03 02:19:04,15.0,18.3,53.0,25.0,15.0
2020-05-03 02:49:04,15.2,18.6,54.0,25.0,15.0
2020-05-03 03:19:04,15.2,18.8,52.0,25.0,15.0
2020-05-03 03:49:04,15.7,18.9,50.0,25.0,15.0
2020-05-03 04:19:04,15.7,19.0,51.0,25.0,15.0
2020-05-03 04:49:04,16.5,19.1,49.0,25.0,15.0
2020-05-03 05:19:04,16.5,18.9,49.0,25.0,15.0
2020-05-03 05:49:04,17.5,18.5,49.0,25.0,15.0
2020-05-03 06:19:04,17.5,18.4,52.0,25.0,15.0
2020-05-03 06:49:04,18.7,18.7,55.0,25.0,15.0
2020-05-03 07:19:04,18.7,19.5,56.0,25.0,15.0
2020-05-03 07:49:04,20.0,20.4,53.0,25.0,15.0
2020-05-03 08:19:04,20.0,21.6,49.0,25.0,15.0
2020-05-03 08:49:04,21.3,22.6,44.0,25.0,15.0
2020-05-03 09:19:04,21.3,23.8,40.0,25.0,15.0
2020-05-03 09:49:04,22.5,24.7,35.0,25.0,15.0
2020-05-03 10:19:04,22.5,25.3,35.0,25.0,15.0
2020-05-03 10:49:04,23.5,25.7,33.0,25.0,15.0
2020-05-03 11:19:04,23.5,26.3,32.0,25.0,15.0
2020-05-03 11:49:04,24.3,26.8,30.0,25.0,15.0
2020-05-03 12:19:04,24.3,27.6,28.0,25.0,15.0
2020-05-03 12:49:04,24.8,27.0,28.0,25.0,15.0
2020-05-03 13:19:04,24.8,26.8,30.0,25.0,15.0
2020-05-03 13:49:04,25.0,26.6,31.0,25.0,15.0
2020-05-03 14:19:04,25.0,26.8,31.0,25.0,15.0
2020-05-03 14:49:04,24.8,26.9,33.0,25.0,15.0
2020-05-03 15:19:04,24.8,26.3,37.0,25.0,15.0
2020-05-03 15:49:04,24.3,25.8,38.0,25.0,15.0
2020-05-03 16:19:04,24.3,25.4,39.0,25.0,15.0
2020-05-03 16:49:04,23.5,24.6,41.0,25.0,15.0
2020-05-03 17:19:04,23.5,23.8,43.0,25.0,15.0
2020-05-03 17:49:04,22.5,23.1,45.0,25.0,15.0
2020-05-03 18:19:04,22.5,22.7,45.0,25.0,15.0
2020-05-03 18:49:04,21.3,22.4,46.0,25.0,15.0
2020-05-03 19:19:04,21.3,21.9,46.0,25.0,15.0
2020-05-03 19:49:04,20.0,21.3,48.0,25.0,15.0
2020-05-03 20:19:04,20.0,20.4,48.0,25.0,15.0
2020-05-03 20:49:04,18.7,20.0,50.0,25.0,15.0
2020-05-03 21:19:04,18.7,20.2,50.0,25.0,15.0
2020-05-03 21:49:04,17.5,20.1,49.0,25.0,15.0
2020-05-03 22:19:04,17.5,19.6,49.0,25.0,15.0
2020-05-03 22:49:04,16.5,19.4,50.0,25.0,15.0
2020-05-03 23:19:04,16.5,18.8,50.0,25.0,15.0
2020-05-03 23:49:04,15.7,18.8,51.0,25.0,15.0
2020-05-04 00:19:04,15.7,18.6,51.0,25.0,15.0
2020-05-04 00:49:04,15.2,18.8,52.0,25.0,15.0
2020-05-04 01:19:04,15.2,18.7,51.0,25.0,15.0
2020-05-04 01:49:04,15.0,18.3,51.0,25.0,15.0
2020-05-04 02:19:04,15.0,18.4,52.0,25.0,15.0
2020-05-04 02:49:04,15.2,18.4,51.0,25.0,15.0
2020-05-04 03:19:04,15.2,18.3,51.0,25.0,15.0
2020-05-04 03:49:04,15.7,18.0,52.0,25.0,15.0
2020-05-04 04:19:04,15.7,18.4,53.0,25.0,15.0
2020-05-04 04:49:04,16.5,18.5,53.0,25.0,15.0
2020-05-04 05:19:04,16.5,18.4,54.0,25.0,15.0
2020-05-04 05:49:04,17.5,18.1,54.0,25.0,15.0
2020-05-04 06:19:04,17.5,17.9,55.0,25.0,15.0
2020-05-04 06:49:04,18.7,18.4,56.0,25.0,15.0
2020-05-04 07:19:04,18.7,19.7,56.0,25.0,15.0
2020-05-04 07:49:04,20.0,20.7,52.0,25.0,15.0
2020-05-04 08:19:04,20.0,21.8,50.0,25.0,15.0
2020-05-04 08:49:04,21.3,22.9,46.0,25.0,15.0
2020-05-04 09:19:04,21.3,23.9,41.0,25.0,15.0
2020-05-04 09:49:04,22.5,24.9,35.0,25.0,15.0
2020-05-04 10:19:04,22.5,25.5,33.0,25.0,15.0
2020-05-04 10:49:04,23.5,26.0,34.0,25.0,15.0
2020-05-04 11:19:04,23.5,27.1,32.0,25.0,15.0
2020-05-04 11:49:04,24.3,28.4,28.0,25.0,15.0
2020-05-04 12:19:04,24.3,29.8,26.0,25.0,15.0
2020-05-04 12:49:04,24.8,30.4,26.0,25.0,15.0
2020-05-04 13:19:04,24.8,30.8,24.0,25.0,15.0
2020-05-04 13:49:04,25.0,31.2,29.0,25.0,15.0
2020-05-04 14:19:04,25.0,32.8,23.0,25.0,15.0
2020-05-04 14:49:04,24.8,33.6,23.0,25.0,15.0
2020-05-04 15:19:04,24.8,34.4,23.0,25.0,15.0
2020-05-04 15:49:04,24.3,33.8,24.0,25.0,15.0
2020-05-04 16:19:04,24.3,32.6,27.0,25.0,15.0
2020-05-04 16:49:04,23.5,30.5,30.0,25.0,15.0
2020-05-04 17:19:04,23.5,27.8,32.0,25.0,15.0
2020-05-04 17:49:04,22.5,25.4,39.0,25.0,15.0
2020-05-04 18:19:04,22.5,23.5,43.0,25.0,15.0
2020-05-04 18:49:04,21.3,22.4,45.0,25.0,15.0
2020-05-04 19:19:04,21.3,21.5,46.0,25.0,15.0
2020-05-04 19:49:04,20.0,21.2,47.0,25.0,15.0
2020-05-04 20:19:04,20.0,20.7,47.0,25.0,15.0
2020-05-04 20:49:04,18.7,20.6,49.0,25.0,15.0
2020-05-04 21:19:04,18.7,20.3,47.0,25.0,15.0
2020-05-04 21:49:04,17.5,20.2,49.0,25.0,15.0
2020-05-04 22:19:04,17.5,20.1,49.0,25.0,15.0
2020-05-04 22:49:04,16.5,20.0,48.0,25.0,15.0
2020-05-04 23:19:04,16.5,19.8,47.0,25.0,15.0
2020-05-04 23:49:04,15.7,19.7,47.0,25.0,15.0
2020-05-05 00:19:04,15.7,19.3,46.0,25.0,15.0
2020-05-05 00:49:04,15.2,19.3,49.0,25.0,15.0
2020-05-05 01:19:04,15.2,19.0,50.0,25.0,15.0
2020-05-05 01:49:04,15.0,18.8,51.0,25.0,15.0
2020-05-05 02:19:04,15.0,18.7,51.0,25.0,15.0
2020-05-05 02:49:04,15.2,18.5,50.0,25.0,15.0
2020-05-05 03:19:04,15.2,18.5,48.0,25.0,15.0
2020-05-05 03:49:04,15.7,18.5,48.0,25.0,15.0
2020-05-05 04:19:04,15.7,18.5,48.0,25.0,15.0
2020-05-05 04:49:04,16.5,18.5,48.0,25.0,15.0
2020-05-05 05:19:04,16.5,18.4,48.0,25.0,15.0
2020-05-05 05:49:04,17.5,18.2,48.0,25.0,15.0
2020-05-05 06:19:04,17.5,18.1,49.0,25.0,15.0
2020-05-05 06:49:04,18.7,18.4,52.0,25.0,15.0
2020-05-05 07:19:04,18.7,19.3,52.0,25.0,15.0
2020-05-05 07:49:04,20.0,20.6,50.0,25.0,15.0
2020-05-05 08:19:04,20.0,22.5,44.0,25.0,15.0
2020-05-05 08:49:04,21.3,24.0,38.0,25.0,15.0
2020-05-05 09:19:04,21.3,25.3,35.0,25.0,15.0
2020-05-05 09:49:04,22.5,26.7,30.0,25.0,15.0
2020-05-05 10:19:04,22.5,28.0,27.0,25.0,15.0
2020-05-05 10:49:04,23.5,29.2,24.0,25.0,15.0
2020-05-05 11:19:04,23.5,30.1,24.0,25.0,15.0
2020-05-05 11:49:04,24.3,30.4,22.0,25.0,15.0
2020-05-05 12:19:04,24.3,31.2,23.0,25.0,15.0
2020-05-05 12:49:04,24.8,31.9,20.0,25.0,15.0
2020-05-05 13:19:04,24.8,23.8,42.0,25.0,15.0
2020-05-05 13:49:04,25.0,24.6,43.0,25.0,15.0
2020-05-05 14:19:04,25.0,25.1,34.0,25.0,15.0
2020-05-05 14:49:04,24.8,25.3,30.0,25.0,15.0
2020-05-05 15:19:04,24.8,25.5,30.0,25.0,15.0
2020-05-05 15:49:04,24.3,24.9,33.0,25.0,15.0
2020-05-05 16:19:04,24.3,25.3,29.0,25.0,15.0
2020-05-05 16:49:04,23.5,23.1,46.0,25.0,15.0
2020-05-05 17:19:04,23.5,22.7,48.0,25.0,15.0
2020-05-05 17:49:04,22.5,22.0,50.0,25.0,15.0
2020-05-05 18:19:04,22.5,21.9,46.0,25.0,15.0
2020-05-05 18:49:04,21.3,20.8,46.0,25.0,15.0
2020-05-05 19:19:04,21.3,21.1,42.0,25.0,15.0
2020-05-05 19:49:04,20.0,19.9,39.0,25.0,15.0
2020-05-05 20:19:04,20.0,20.7,42.0,25.0,15.0
2020-05-05 20:49:04,18.7,18.3,53.0,25.0,15.0
2020-05-05 21:19:04,18.7,18.3,53.0,25.0,15.0
2020-05-05 21:49:04,17.5,18.1,50.0,25.0,15.0
2020-05-05 22:19:04,17.5,18.9,44.0,25.0,15.0
2020-05-05 22:49:04,16.5,16.3,64.0,25.0,15.0
2020-05-05 23:19:04,16.5,16.7,60.0,25.0,15.0
2020-05-05 23:49:04,15.7,16.1,63.0,25.0,15.0
2020-05-06 00:19:04,15.7,15.7,65.0,25.0,15.0
2020-05-06 00:49:04,15.2,15.9,63.0,25.0,15.0
2020-05-06 01:19:04,15.2,15.2,67.0,25.0,15.0
2020-05-06 01:49:04,15.0,16.4,52.0,25.0,15.0
2020-05-06 02:19:04,15.0,14.9,64.0,25.0,15.0
2020-05-06 02:49:04,15.2,15.9,58.0,25.0,15.0
2020-05-06 03:19:04,15.2,15.2,59.0,25.0,15.0
2020-05-06 03:49:04,15.7,16.3,58.0,25.0,15.0
2020-05-06 04:19:04,15.7,16.7,42.0,25.0,15.0
2020-05-06 04:49:04,16.5,16.2,53.0,25.0,15.0
2020-05-06 05:19:04,16.5,16.1,53.0,25.0,15.0
2020-05-06 05:49:04,17.5,17.5,45.0,25.0,15.0
2020-05-06 06:19:04,17.5,18.6,37.0,25.0,15.0
2020-05-06 06:49:04,18.7,18.3,51.0,25.0,15.0
2020-05-06 07:19:04,18.7,19.0,51.0,25.0,15.0
2020-05-06 07:49:04,20.0,19.3,52.0,25.0,15.0
2020-05-06 08:19:04,18.0,18.3,55.0,21.0,15.0
2020-05-06 08:49:04,18.8,19.7,47.0,21.0,15.0
2020-05-06 09:19:04,18.8,19.0,48.0,21.0,15.0
2020-05-06 09:49:04,19.5,20.1,65.0,21.0,15.0
2020-05-06 10:19:04,19.5,20.7,43.0,21.0,15.0
2020-05-06 10:49:04,20.1,20.5,43.0,21.0,15.0
2020-05-06 11:19:04,20.1,21.1,40.0,21.0,15.0
2020-05-06 11:49:04,20.6,20.7,42.0,21.0,15.0
2020-05-06 12:19:04,20.6,21.7,37.0,21.0,15.0
2020-05-06 12:49:04,20.9,21.4,83.0,21.0,15.0
2020-05-06 13:19:04,20.9,20.7,61.0,21.0,15.0
2020-05-06 13:49:04,21.0,22.1,37.0,21.0,15.0
2020-05-06 14:19:04,21.0,22.2,36.0,21.0,15.0
2020-05-06 14:49:04,20.9,22.2,37.0,21.0,15.0
2020-05-06 15:19:04,20.9,20.8,68.0,21.0,15.0
2020-05-06 15:49:04,20.6,21.2,86.0,21.0,15.0
2020-05-06 16:19:04,20.6,20.5,87.0,21.0,15.0
2020-05-06 16:49:04,20.1,19.8,71.0,21.0,15.0
2020-05-06 17:19:04,20.1,21.1,57.0,21.0,15.0
2020-05-06 17:49:04,19.5,19.3,56.0,21.0,15.0
2020-05-06 18:19:04,19.5,19.9,40.0,21.0,15.0
2020-05-06 18:49:04,18.8,18.5,53.0,21.0,15.0
2020-05-06 19:19:04,18.8,18.6,48.0,21.0,15.0
2020-05-06 19:49:04,18.0,18.0,55.0,21.0,15.0
2020-05-06 20:19:04,18.0,18.5,54.0,21.0,15.0
2020-05-06 20:49:04,17.2,17.8,56.0,21.0,15.0
2020-05-06 21:19:04,17.2,17.7,54.0,21.0,15.0
2020-05-06 21:49:04,16.5,17.3,58.0,21.0,15.0
2020-05-06 22:19:04,16.5,16.8,63.0,21.0,15.0
2020-05-06 22:49:04,15.9,16.6,62.0,21.0,15.0
2020-05-06 23:19:04,15.9,16.4,62.0,21.0,15.0
2020-05-06 23:49:04,15.4,16.3,62.0,21.0,15.0
2020-05-07 00:19:04,15.4,16.1,60.0,21.0,15.0
2020-05-07 00:49:04,15.1,16.0,60.0,21.0,15.0
2020-05-07 01:19:04,15.1,15.9,60.0,21.0,15.0
2020-05-07 01:49:04,15.0,15.8,60.0,21.0,15.0
2020-05-07 02:19:04,15.0,15.8,60.0,21.0,15.0
2020-05-07 02:49:04,15.1,15.8,60.0,21.0,15.0
2020-05-07 03:19:04,15.1,15.8,60.0,21.0,15.0
2020-05-07 03:49:04,15.4,16.0,62.0,21.0,15.0
2020-05-07 04:19:04,15.4,16.0,62.0,21.0,15.0
2020-05-07 04:49:04,15.9,16.0,60.0,21.0,15.0
2020-05-07 05:19:04,15.9,16.5,57.0,21.0,15.0
2020-05-07 05:49:04,16.5,17.0,58.0,21.0,15.0
2020-05-07 06:19:04,16.5,18.0,59.0,21.0,15.0
2020-05-07 06:49:04,17.2,17.8,70.0,21.0,15.0
2020-05-07 07:19:04,17.2,18.4,72.0,21.0,15.0
2020-05-07 07:49:04,18.0,18.1,89.0,21.0,15.0
2020-05-07 08:19:04,18.0,18.5,93.0,21.0,15.0
2020-05-07 08:49:04,18.8,19.5,70.0,21.0,15.0
2020-05-07 09:19:04,18.8,18.6,84.0,21.0,15.0
2020-05-07 09:49:04,19.5,19.8,84.0,21.0,15.0
2020-05-07 10:19:04,19.5,20.9,63.0,21.0,15.0
2020-05-07 10:49:04,20.1,20.3,79.0,21.0,15.0
2020-05-07 11:19:04,20.1,20.8,65.0,21.0,15.0
2020-05-07 11:49:04,20.6,21.5,56.0,21.0,15.0
2020-05-07 12:19:04,20.6,20.4,69.0,21.0,15.0
2020-05-07 12:49:04,20.9,21.5,84.0,21.0,15.0
2020-05-07 13:19:04,20.9,21.8,65.0,21.0,15.0
2020-05-07 13:49:04,21.0,20.8,72.0,21.0,15.0
2020-05-07 14:19:04,21.0,22.5,57.0,21.0,15.0
2020-05-07 14:49:04,20.9,21.1,74.0,21.0,15.0
2020-05-07 15:19:04,20.9,21.1,58.0,21.0,15.0
2020-05-07 15:49:04,20.6,20.8,83.0,21.0,15.0
2020-05-07 16:19:04,20.6,21.1,91.0,21.0,15.0
2020-05-07 16:49:04,20.1,20.2,82.0,21.0,15.0
2020-05-07 17:19:04,20.1,21.2,63.0,21.0,15.0
2020-05-07 17:49:04,19.5,19.9,70.0,21.0,15.0
2020-05-07 18:19:04,19.5,20.3,62.0,21.0,15.0
2020-05-07 18:49:04,18.8,19.3,72.0,21.0,15.0
2020-05-07 19:19:04,18.8,18.9,74.0,21.0,15.0
2020-05-07 19:49:04,18.0,18.7,70.0,21.0,15.0
2020-05-07 20:19:04,18.0,19.0,67.0,21.0,15.0
2020-05-07 20:49:04,17.2,18.5,73.0,21.0,15.0
2020-05-07 21:19:04,17.2,17.6,78.0,21.0,15.0
2020-05-07 21:49:04,16.5,17.7,79.0,21.0,15.0
2020-05-07 22:19:04,16.5,17.5,79.0,21.0,15.0
2020-05-07 22:49:04,15.9,17.5,81.0,21.0,15.0
2020-05-07 23:19:04,15.9,17.4,80.0,21.0,15.0
2020-05-07 23:49:04,15.4,17.2,80.0,21.0,15.0
2020-05-08 00:19:04,15.4,17.0,80.0,21.0,15.0
2020-05-08 00:49:04,15.1,16.9,80.0,21.0,15.0
2020-05-08 01:19:04,15.1,16.8,80.0,21.0,15.0
2020-05-08 01:49:04,15.0,16.7,81.0,21.0,15.0
2020-05-08 02:19:04,15.0,16.6,80.0,21.0,15.0
2020-05-08 02:49:04,15.1,16.2,80.0,21.0,15.0
2020-05-08 03:19:04,15.1,16.1,81.0,21.0,15.0
2020-05-08 03:49:04,15.4,16.3,81.0,21.0,15.0
2020-05-08 04:19:04,15.4,16.5,82.0,21.0,15.0
2020-05-08 04:49:04,15.9,16.5,82.0,21.0,15.0
2020-05-08 05:19:04,15.9,16.0,81.0,21.0,15.0
2020-05-08 05:49:04,16.5,16.8,81.0,21.0,15.0
2020-05-08 06:19:04,16.5,17.0,79.0,21.0,15.0
2020-05-08 06:49:04,17.2,17.1,75.0,21.0,15.0
2020-05-08 07:19:04,17.2,18.6,69.0,21.0,15.0
2020-05-08 07:49:04,18.0,17.8,75.0,21.0,15.0
2020-05-08 08:19:04,18.0,18.4,75.0,21.0,15.0
2020-05-08 08:49:04,18.8,19.2,91.0,21.0,15.0
2020-05-08 09:19:04,18.8,18.8,92.0,21.0,15.0
2020-05-08 09:49:04,19.5,19.3,91.0,21.0,15.0
2020-05-08 10:19:04,19.5,20.2,92.0,21.0,15.0
2020-05-08 10:49:04,20.1,20.4,92.0,21.0,15.0
2020-05-08 11:19:04,20.1,20.8,89.0,21.0,15.0
2020-05-08 11:49:04,20.6,20.8,90.0,21.0,15.0
2020-05-08 12:19:04,20.6,21.2,86.0,21.0,15.0
2020-05-08 12:49:04,20.9,21.3,86.0,21.0,15.0
2020-05-08 13:19:04,20.9,21.1,77.0,21.0,15.0
2020-05-08 13:49:04,21.0,21.4,72.0,21.0,15.0
2020-05-08 14:19:04,21.0,22.2,54.0,21.0,15.0
2020-05-08 14:49:04,20.9,21.8,55.0,21.0,15.0
2020-05-08 15:19:04,20.9,20.7,76.0,21.0,15.0
2020-05-08 15:49:04,20.6,20.8,60.0,21.0,15.0
2020-05-08 16:19:04,20.6,20.3,63.0,21.0,15.0
2020-05-08 16:49:04,20.1,19.7,82.0,21.0,15.0
2020-05-08 17:19:04,20.1,21.0,63.0,21.0,15.0
2020-05-08 17:49:04,19.5,19.6,67.0,21.0,15.0
2020-05-08 18:19:04,19.5,20.2,67.0,21.0,15.0
2020-05-08 18:49:04,18.8,19.5,61.0,21.0,15.0
2020-05-08 19:19:04,18.8,20.2,55.0,21.0,15.0
2020-05-08 19:49:04,18.0,18.6,74.0,21.0,15.0
2020-05-08 20:19:04,18.0,18.0,76.0,21.0,15.0
2020-05-08 20:49:04,17.2,17.7,75.0,21.0,15.0
2020-05-08 21:19:04,17.2,17.9,74.0,21.0,15.0
2020-05-08 21:49:04,16.5,17.8,71.0,21.0,15.0
2020-05-08 22:19:04,16.5,17.5,69.0,21.0,15.0
2020-05-08 22:49:04,15.9,16.7,76.0,21.0,15.0
2020-05-08 23:19:04,15.9,16.3,80.0,21.0,15.0
2020-05-08 23:49:04,15.4,16.5,81.0,21.0,15.0
2020-05-09 00:19:04,15.4,16.5,80.0,21.0,15.0
2020-05-09 00:49:04,15.1,16.4,77.0,21.0,15.0
2020-05-09 01:19:04,15.1,16.2,74.0,21.0,15.0
2020-05-09 01:49:04,15.0,16.2,74.0,21.0,15.0
2020-05-09 02:19:04,15.0,16.4,74.0,21.0,15.0
2020-05-09 02:49:04,15.1,16.4,72.0,21.0,15.0
2020-05-09 03:19:04,15.1,16.1,70.0,21.0,15.0
2020-05-09 03:49:04,15.4,15.3,67.0,21.0,15.0
2020-05-09 04:19:04,15.4,15.3,66.0,21.0,15.0
2020-05-09 04:49:04,15.9,16.3,65.0,21.0,15.0
2020-05-09 05:19:04,15.9,15.7,60.0,21.0,15.0
2020-05-09 05:49:04,16.5,16.7,63.0,21.0,15.0
2020-05-09 06:19:04,16.5,16.8,60.0,21.0,15.0
2020-05-09 06:49:04,17.2,16.8,63.0,21.0,15.0
2020-05-09 07:19:04,17.2,17.3,54.0,21.0,15.0
2020-05-09 07:49:04,18.0,18.4,56.0,21.0,15.0
2020-05-09 08:19:04,18.0,19.3,46.0,21.0,15.0
2020-05-09 08:49:04,18.8,18.8,86.0,21.0,15.0
2020-05-09 09:19:04,18.8,19.2,90.0,21.0,15.0
2020-05-09 09:49:04,19.5,19.3,73.0,21.0,15.0
2020-05-09 10:19:04,19.5,19.8,85.0,21.0,15.0
2020-05-09 10:49:04,20.1,20.6,89.0,21.0,15.0
2020-05-09 11:19:04,20.1,20.2,60.0,21.0,15.0
2020-05-09 11:49:04,20.6,20.5,63.0,21.0,15.0
2020-05-09 12:19:04,20.6,20.5,61.0,21.0,15.0
2020-05-09 12:49:04,20.9,21.6,87.0,21.0,15.0
2020-05-09 13:19:04,20.9,20.8,77.0,21.0,15.0
2020-05-09 13:49:04,21.0,20.8,80.0,21.0,15.0
2020-05-09 14:19:04,21.0,21.6,88.0,21.0,15.0
2020-05-09 14:49:04,20.9,21.1,63.0,21.0,15.0
2020-05-09 15:19:04,20.9,20.6,60.0,21.0,15.0
2020-05-09 15:49:04,20.6,21.1,51.0,21.0,15.0
2020-05-09 16:19:04,20.6,20.3,71.0,21.0,15.0
2020-05-09 16:49:04,20.1,20.8,93.0,21.0,15.0
2020-05-09 17:19:04,20.1,20.3,93.0,21.0,15.0
2020-05-09 17:49:04,19.5,19.9,45.0,21.0,15.0
2020-05-09 18:19:04,19.5,19.6,51.0,21.0,15.0
2020-05-09 18:49:04,18.8,18.5,47.0,21.0,15.0
2020-05-09 19:19:04,18.8,19.4,51.0,21.0,15.0
2020-05-09 19:49:04,18.0,17.8,50.0,21.0,15.0
2020-05-09 20:19:04,18.0,18.2,48.0,21.0,15.0
2020-05-09 20:49:04,17.2,17.3,50.0,21.0,15.0
2020-05-09 21:19:04,17.2,17.9,52.0,21.0,15.0
2020-05-09 21:49:04,16.5,16.8,53.0,21.0,15.0
2020-05-09 22:19:04,16.5,16.6,55.0,21.0,15.0
2020-05-09 22:49:04,15.9,16.4,57.0,21.0,15.0
2020-05-09 23:19:04,15.9,15.8,58.0,21.0,15.0
2020-05-09 23:49:04,15.4,16.2,56.0,21.0,15.0
2020-05-10 00:19:04,15.4,16.1,57.0,21.0,15.0
2020-05-10 00:49:04,15.1,15.7,59.0,21.0,15.0
2020-05-10 01:19:04,15.1,15.3,60.0,21.0,15.0
2020-05-10 01:49:04,15.0,15.3,59.0,21.0,15.0
2020-05-10 02:19:04,15.0,15.5,59.0,21.0,15.0
2020-05-10 02:49:04,15.1,15.1,60.0,21.0,15.0
2020-05-10 03:19:04,15.1,15.1,58.0,21.0,15.0
2020-05-10 03:49:04,15.4,15.6,60.0,21.0,15.0
2020-05-10 04:19:04,15.4,15.3,56.0,21.0,15.0
2020-05-10 04:49:04,15.9,16.0,59.0,21.0,15.0
2020-05-10 05:19:04,15.9,15.7,59.0,21.0,15.0
2020-05-10 05:49:04,16.5,16.5,59.0,21.0,15.0
2020-05-10 06:19:04,16.5,17.1,59.0,21.0,15.0
2020-05-10 06:49:04,17.2,17.4,61.0,21.0,15.0
2020-05-10 07:19:04,17.2,17.8,62.0,21.0,15.0
2020-05-10 07:49:04,18.0,17.9,61.0,21.0,15.0
2020-05-10 08:19:04,18.0,17.8,56.0,21.0,15.0
2020-05-10 08:49:04,18.8,19.2,88.0,21.0,15.0
2020-05-10 09:19:04,18.8,18.5,86.0,21.0,15.0
2020-05-10 09:49:04,19.5,18.8,86.0,21.0,15.0
2020-05-10 10:19:04,19.5,19.6,91.0,21.0,15.0
2020-05-10 10:49:04,20.1,19.9,80.0,21.0,15.0
2020-05-10 11:19:04,20.1,20.3,89.0,21.0,15.0
2020-05-10 11:49:04,20.6,20.4,76.0,21.0,15.0
2020-05-10 12:19:04,20.6,21.1,86.0,21.0,15.0
2020-05-10 12:49:04,20.9,20.7,74.0,21.0,15.0
2020-05-10 13:19:04,20.9,21.6,82.0,21.0,15.0
2020-05-10 13:49:04,21.0,21.2,79.0,21.0,15.0
2020-05-10 14:19:04,21.0,21.4,52.0,21.0,15.0
2020-05-10 14:49:04,20.9,21.7,51.0,21.0,15.0
2020-05-10 15:19:04,20.9,21.3,50.0,21.0,15.0
2020-05-10 15:49:04,20.6,20.6,50.0,21.0,15.0
2020-05-10 16:19:04,20.6,20.4,61.0,21.0,15.0
2020-05-10 16:49:04,20.1,19.5,82.0,21.0,15.0
2020-05-10 17:19:04,20.1,19.7,79.0,21.0,15.0
2020-05-10 17:49:04,19.5,19.7,55.0,21.0,15.0
2020-05-10 18:19:04,19.5,20.0,57.0,21.0,15.0
2020-05-10 18:49:04,18.8,18.7,55.0,21.0,15.0
2020-05-10 19:19:04,18.8,18.4,52.0,21.0,15.0
2020-05-10 19:49:04,18.0,17.6,55.0,21.0,15.0
2020-05-10 20:19:04,18.0,18.6,56.0,21.0,15.0
2020-05-10 20:49:04,17.2,17.2,56.0,21.0,15.0
2020-05-10 21:19:04,17.2,17.9,59.0,21.0,15.0
2020-05-10 21:49:04,16.5,16.6,57.0,21.0,15.0
2020-05-10 22:19:04,16.5,17.1,59.0,21.0,15.0
2020-05-10 22:49:04,15.9,16.5,59.0,21.0,15.0
2020-05-10 23:19:04,15.9,16.2,62.0,21.0,15.0
2020-05-10 23:49:04,15.4,16.3,58.0,21.0,15.0
2020-05-11 00:19:04,15.4,15.9,59.0,21.0,15.0
2020-05-11 00:49:04,15.1,16.1,59.0,21.0,15.0
2020-05-11 01:19:04,15.1,16.1,59.0,21.0,15.0
2020-05-11 01:49:04,15.0,16.2,59.0,21.0,15.0
2020-05-11 02:19:04,15.0,16.1,59.0,21.0,15.0
2020-05-11 02:49:04,15.1,16.3,59.0,21.0,15.0
2020-05-11 03:19:04,15.1,16.0,60.0,21.0,15.0
2020-05-11 03:49:04,15.4,15.4,63.0,21.0,15.0
2020-05-11 04:19:04,15.4,15.5,62.0,21.0,15.0
2020-05-11 04:49:04,15.9,15.9,64.0,21.0,15.0
2020-05-11 05:19:04,15.9,15.9,60.0,21.0,15.0
2020-05-11 05:49:04,16.5,16.5,62.0,21.0,15.0
2020-05-11 06:19:04,16.5,16.3,58.0,21.0,15.0
2020-05-11 06:49:04,17.2,17.1,62.0,21.0,15.0
2020-05-11 07:19:04,17.2,17.3,56.0,21.0,15.0
2020-05-11 07:49:04,18.0,18.1,59.0,21.0,15.0
2020-05-11 08:19:04,18.0,18.8,53.0,21.0,15.0
2020-05-11 08:49:04,18.8,19.0,87.0,21.0,15.0
2020-05-11 09:19:04,18.8,18.7,84.0,21.0,15.0
2020-05-11 09:49:04,19.5,19.2,80.0,21.0,15.0
2020-05-11 10:19:04,19.5,20.0,90.0,21.0,15.0
2020-05-11 10:49:04,20.1,19.8,75.0,21.0,15.0
2020-05-11 11:19:04,20.1,20.2,77.0,21.0,15.0
2020-05-11 11:49:04,20.6,20.7,64.0,21.0,15.0
2020-05-11 12:19:04,20.6,20.4,57.0,21.0,15.0
2020-05-11 12:49:04,20.9,20.9,55.0,21.0,15.0
2020-05-11 13:19:04,20.9,21.3,75.0,21.0,15.0
2020-05-11 13:49:04,21.0,20.8,53.0,21.0,15.0
2020-05-11 14:19:04,21.0,21.0,53.0,21.0,15.0
2020-05-11 14:49:04,20.9,20.7,50.0,21.0,15.0
2020-05-11 15:19:04,20.9,21.3,49.0,21.0,15.0
2020-05-11 15:49:04,20.6,21.1,54.0,21.0,15.0
2020-05-11 16:19:04,20.6,20.8,88.0,21.0,15.0
2020-05-11 16:49:04,20.1,20.3,91.0,21.0,15.0
2020-05-11 17:19:04,20.1,19.6,88.0,21.0,15.0
2020-05-11 17:49:04,19.5,20.5,47.0,21.0,15.0
2020-05-11 18:19:04,19.5,19.4,52.0,21.0,15.0
2020-05-11 18:49:04,18.8,18.7,48.0,21.0,15.0
2020-05-11 19:19:04,18.8,19.4,52.0,21.0,15.0
2020-05-11 19:49:04,18.0,17.9,52.0,21.0,15.0
2020-05-11 20:19:04,18.0,17.9,50.0,21.0,15.0
2020-05-11 20:49:04,17.2,17.5,50.0,21.0,15.0
2020-05-11 21:19:04,17.2,17.2,51.0,21.0,15.0
2020-05-11 21:49:04,16.5,17.4,49.0,21.0,15.0
2020-05-11 22:19:04,16.5,17.3,50.0,21.0,15.0
2020-05-11 22:49:04,15.9,15.8,65.0,21.0,15.0
2020-05-11 23:19:04,15.9,16.2,62.0,21.0,15.0
2020-05-11 23:49:04,15.4,16.7,50.0,21.0,15.0
2020-05-12 00:19:04,15.4,15.2,66.0,21.0,15.0
2020-05-12 00:49:04,15.1,15.1,61.0,21.0,15.0
2020-05-12 01:19:04,15.1,16.5,48.0,21.0,15.0
2020-05-12 01:49:04,15.0,14.9,66.0,21.0,15.0
2020-05-12 02:19:04,15.0,15.3,64.0,21.0,15.0
2020-05-12 02:49:04,15.1,15.8,54.0,21.0,15.0
2020-05-12 03:19:04,15.1,16.3,51.0,21.0,15.0
2020-05-12 03:49:04,15.4,15.9,50.0,21.0,15.0
2020-05-12 04:19:04,15.4,16.1,49.0,21.0,15.0
2020-05-12 04:49:04,15.9,15.7,50.0,21.0,15.0
2020-05-12 05:19:04,15.9,16.5,53.0,21.0,15.0
2020-05-12 05:49:04,16.5,16.5,52.0,21.0,15.0
2020-05-12 06:19:04,16.5,17.0,48.0,21.0,15.0
2020-05-12 06:49:04,17.2,17.5,50.0,21.0,15.0
2020-05-12 07:19:04,17.2,18.1,44.0,21.0,15.0
2020-05-12 07:49:04,18.0,18.0,46.0,21.0,15.0
2020-05-12 08:19:04,18.0,18.9,42.0,21.0,15.0
2020-05-12 08:49:04,18.8,18.2,86.0,21.0,15.0
2020-05-12 09:19:04,18.8,18.6,54.0,21.0,15.0
2020-05-12 09:49:04,19.5,19.9,58.0,21.0,15.0
2020-05-12 10:19:04,19.5,19.7,51.0,21.0,15.0
2020-05-12 10:49:04,20.1,21.7,47.0,21.0,15.0
2020-05-12 11:19:04,20.1,23.8,73.0,21.0,15.0
2020-05-12 11:49:04,20.6,21.9,60.0,21.0,15.0
2020-05-12 12:19:04,20.6,20.9,78.0,21.0,15.0
2020-05-12 12:49:04,20.9,20.8,56.0,21.0,15.0
2020-05-12 13:19:04,20.9,22.0,41.0,21.0,15.0
2020-05-12 13:49:04,21.0,21.6,51.0,21.0,15.0
2020-05-12 14:19:04,21.0,21.7,79.0,21.0,15.0
2020-05-12 14:49:04,20.9,21.4,45.0,21.0,15.0
2020-05-12 15:19:04,20.9,21.9,43.0,21.0,15.0
2020-05-12 15:49:04,20.6,22.0,46.0,21.0,15.0
2020-05-12 16:19:04,20.6,20.6,74.0,21.0,15.0
2020-05-12 16:49:04,20.1,20.0,77.0,21.0,15.0
2020-05-12 17:19:04,20.1,21.6,51.0,21.0,15.0
2020-05-12 17:49:04,19.5,19.3,69.0,21.0,15.0
2020-05-12 18:19:04,19.5,19.3,64.0,21.0,15.0
2020-05-12 18:49:04,18.8,19.3,64.0,21.0,15.0
2020-05-12 19:19:04,18.8,19.2,65.0,21.0,15.0
2020-05-12 19:49:04,18.0,18.4,64.0,21.0,15.0
2020-05-12 20:19:04,18.0,18.4,64.0,21.0,15.0
2020-05-12 20:49:04,17.2,18.0,60.0,21.0,15.0
2020-05-12 21:19:04,17.2,17.3,63.0,21.0,15.0
2020-05-12 21:49:04,16.5,17.0,63.0,21.0,15.0
2020-05-12 22:19:04,16.5,16.6,64.0,21.0,15.0
2020-05-12 22:49:04,15.9,16.8,63.0,21.0,15.0
2020-05-12 23:19:04,15.9,16.4,63.0,21.0,15.0
2020-05-12 23:49:04,15.4,16.6,62.0,21.0,15.0
2020-05-13 00:19:04,15.4,15.9,65.0,21.0,15.0
2020-05-13 00:49:04,15.1,15.8,65.0,21.0,15.0
2020-05-13 01:19:04,15.1,15.3,69.0,21.0,15.0
2020-05-13 01:49:04,15.0,15.3,68.0,21.0,15.0
2020-05-13 02:19:04,15.0,15.5,67.0,21.0,15.0
2020-05-13 02:49:04,15.1,15.0,65.0,21.0,15.0
2020-05-13 03:19:04,15.1,15.4,61.0,21.0,15.0
2020-05-13 03:49:04,15.4,15.5,62.0,21.0,15.0
2020-05-13 04:19:04,15.4,15.2,59.0,21.0,15.0
2020-05-13 04:49:04,15.9,15.9,62.0,21.0,15.0
2020-05-13 05:19:04,15.9,16.4,63.0,21.0,15.0
2020-05-13 05:49:04,16.5,16.6,63.0,21.0,15.0
2020-05-13 06:19:04,16.5,16.8,63.0,21.0,15.0
2020-05-13 06:49:04,17.2,16.9,63.0,21.0,15.0
2020-05-13 07:19:04,17.2,17.3,63.0,21.0,15.0
2020-05-13 07:49:04,18.0,18.4,63.0,21.0,15.0
2020-05-13 08:19:04,18.0,18.4,54.0,21.0,15.0
2020-05-13 08:49:04,18.8,19.2,77.0,21.0,15.0
2020-05-13 09:19:04,18.8,19.3,90.0,21.0,15.0
2020-05-13 09:49:04,19.5,20.2,94.0,21.0,15.0
2020-05-13 10:19:04,19.5,19.4,81.0,21.0,15.0
2020-05-13 10:49:04,20.1,20.8,86.0,21.0,15.0
2020-05-13 11:19:04,20.1,20.7,78.0,21.0,15.0
2020-05-13 11:49:04,20.6,20.7,66.0,21.0,15.0
2020-05-13 12:19:04,20.6,20.0,66.0,21.0,15.0
2020-05-13 12:49:04,20.9,20.3,73.0,21.0,15.0
2020-05-13 13:19:04,20.9,20.8,81.0,21.0,15.0
2020-05-13 13:49:04,21.0,21.3,73.0,21.0,15.0
2020-05-13 14:19:04,21.0,20.8,59.0,21.0,15.0
2020-05-13 14:49:04,20.9,20.2,74.0,21.0,15.0
2020-05-13 15:19:04,20.9,19.9,80.0,21.0,15.0
2020-05-13 15:49:04,20.6,19.6,83.0,21.0,15.0
2020-05-13 16:19:04,20.6,19.6,87.0,21.0,15.0
2020-05-13 16:49:04,20.1,19.3,88.0,21.0,15.0
2020-05-13 17:19:04,20.1,20.7,91.0,21.0,15.0
2020-05-13 17:49:04,19.5,19.6,82.0,21.0,15.0
2020-05-13 18:19:04,19.5,19.2,63.0,21.0,15.0
2020-05-13 18:49:04,18.8,18.4,48.0,21.0,15.0
2020-05-13 19:19:04,18.8,19.4,52.0,21.0,15.0
2020-05-13 19:49:04,18.0,17.7,50.0,21.0,15.0
2020-05-13 20:19:04,18.0,17.7,44.0,21.0,15.0
2020-05-13 20:49:04,17.2,17.3,48.0,21.0,15.0
2020-05-13 21:19:04,17.2,17.8,53.0,21.0,15.0
2020-05-13 21:49:04,16.5,16.4,51.0,21.0,15.0
2020-05-13 22:19:04,16.5,17.1,51.0,21.0,15.0
2020-05-13 22:49:04,15.9,16.1,49.0,21.0,15.0
2020-05-13 23:19:04,15.9,15.9,51.0,21.0,15.0
2020-05-13 23:49:04,15.4,16.0,50.0,21.0,15.0
2020-05-14 00:19:04,15.4,15.6,51.0,21.0,15.0
2020-05-14 00:49:04,15.1,15.7,51.0,21.0,15.0
2020-05-14 01:19:04,15.1,15.5,51.0,21.0,15.0
2020-05-14 01:49:04,15.0,16.0,50.0,21.0,15.0
2020-05-14 02:19:04,15.0,15.7,52.0,21.0,15.0
2020-05-14 02:49:04,15.1,15.3,53.0,21.0,15.0
2020-05-14 03:19:04,15.1,14.9,52.0,21.0,15.0
2020-05-14 03:49:04,15.4,15.9,54.0,21.0,15.0
2020-05-14 04:19:04,15.4,15.5,51.0,21.0,15.0
2020-05-14 04:49:04,15.9,16.0,55.0,21.0,15.0
2020-05-14 05:19:04,15.9,15.9,49.0,21.0,15.0
2020-05-14 05:49:04,16.5,16.4,51.0,21.0,15.0
2020-05-14 06:19:04,16.5,16.3,48.0,21.0,15.0
2020-05-14 06:49:04,17.2,16.9,53.0,21.0,15.0
2020-05-14 07:19:04,17.2,17.6,45.0,21.0,15.0
2020-05-14 07:49:04,18.0,18.2,49.0,21.0,15.0
2020-05-14 08:19:04,18.0,18.7,36.0,21.0,15.0
2020-05-14 08:49:04,18.8,18.5,78.0,21.0,15.0
2020-05-14 09:19:04,18.8,18.5,81.0,21.0,15.0
2020-05-14 09:49:04,19.5,19.8,88.0,21.0,15.0
2020-05-14 10:19:04,19.5,19.4,64.0,21.0,15.0
2020-05-14 10:49:04,20.1,20.0,70.0,21.0,15.0
2020-05-14 11:19:04,20.1,19.8,57.0,21.0,15.0
2020-05-14 11:49:04,20.6,20.3,60.0,21.0,15.0
2020-05-14 12:19:04,20.6,20.3,63.0,21.0,15.0
2020-05-14 12:49:04,20.9,20.6,66.0,21.0,15.0
2020-05-14 13:19:04,20.9,20.8,73.0,21.0,15.0
2020-05-14 13:49:04,21.0,21.3,77.0,21.0,15.0
2020-05-14 14:19:04,21.0,21.4,77.0,21.0,15.0
2020-05-14 14:49:04,20.9,20.4,58.0,21.0,15.0
2020-05-14 15:19:04,20.9,20.1,70.0,21.0,15.0
2020-05-14 15:49:04,20.6,19.7,78.0,21.0,15.0
2020-05-14 16:19:04,20.6,19.5,82.0,21.0,15.0
2020-05-14 16:49:04,20.1,19.3,86.0,21.0,15.0
2020-05-14 17:19:04,20.1,20.4,91.0,21.0,15.0
2020-05-14 17:49:04,19.5,19.0,65.0,21.0,15.0
2020-05-14 18:19:04,19.5,20.1,64.0,21.0,15.0
2020-05-14 18:49:04,18.8,18.4,47.0,21.0,15.0
2020-05-14 19:19:04,18.8,19.2,51.0,21.0,15.0
2020-05-14 19:49:04,18.0,17.4,44.0,21.0,15.0
2020-05-14 20:19:04,18.0,18.5,48.0,21.0,15.0
2020-05-14 20:49:04,17.2,16.8,44.0,21.0,15.0
2020-05-14 21:19:04,17.2,17.9,48.0,21.0,15.0
2020-05-14 21:49:04,16.5,17.2,46.0,21.0,15.0
2020-05-14 22:19:04,16.5,16.6,47.0,21.0,15.0
2020-05-14 22:49:04,15.9,15.6,44.0,21.0,15.0
2020-05-14 23:19:04,15.9,16.3,46.0,21.0,15.0
2020-05-14 23:49:04,15.4,16.1,48.0,21.0,15.0
2020-05-15 00:19:04,15.4,15.4,47.0,21.0,15.0
2020-05-15 00:49:04,15.1,15.1,45.0,21.0,15.0
2020-05-15 01:19:04,15.1,15.1,47.0,21.0,15.0
2020-05-15 01:49:04,15.0,15.0,45.0,21.0,15.0
2020-05-15 02:19:04,15.0,15.5,47.0,21.0,15.0
2020-05-15 02:49:04,15.1,15.0,47.0,21.0,15.0
2020-05-15 03:19:04,15.1,15.5,45.0,21.0,15.0
2020-05-15 03:49:04,15.4,15.3,47.0,21.0,15.0
2020-05-15 04:19:04,15.4,15.9,46.0,21.0,15.0
2020-05-15 04:49:04,15.9,15.6,47.0,21.0,15.0
2020-05-15 05:19:04,15.9,15.9,42.0,21.0,15.0
2020-05-15 05:49:04,16.5,16.3,48.0,21.0,15.0
2020-05-15 06:19:04,16.5,16.8,43.0,21.0,15.0
2020-05-15 06:49:04,17.2,16.7,48.0,21.0,15.0
2020-05-15 07:19:04,17.2,17.9,48.0,21.0,15.0
2020-05-15 07:49:04,18.0,17.4,45.0,21.0,15.0
2020-05-15 08:19:04,18.0,18.3,38.0,21.0,15.0
2020-05-15 08:49:04,18.8,18.7,82.0,21.0,15.0
2020-05-15 09:19:04,18.8,19.2,83.0,21.0,15.0
2020-05-15 09:49:04,19.5,19.3,67.0,21.0,15.0
2020-05-15 10:19:04,19.5,19.9,75.0,21.0,15.0
2020-05-15 10:49:04,20.1,20.6,72.0,21.0,15.0
2020-05-15 11:19:04,20.1,20.0,46.0,21.0,15.0
2020-05-15 11:49:04,20.6,20.5,48.0,21.0,15.0
2020-05-15 12:19:04,20.6,21.3,73.0,21.0,15.0
2020-05-15 12:49:04,20.9,21.1,46.0,21.0,15.0
2020-05-15 13:19:04,20.9,21.2,41.0,21.0,15.0
2020-05-15 13:49:04,21.0,21.3,41.0,21.0,15.0
2020-05-15 14:19:04,21.0,21.6,52.0,21.0,15.0
2020-05-15 14:49:04,20.9,21.6,41.0,21.0,15.0
2020-05-15 15:19:04,20.9,21.1,42.0,21.0,15.0
2020-05-15 15:49:04,20.6,20.9,44.0,21.0,15.0
2020-05-15 16:19:04,20.6,20.8,50.0,21.0,15.0
2020-05-15 16:49:04,20.1,19.6,67.0,21.0,15.0
2020-05-15 17:19:04,20.1,20.3,84.0,21.0,15.0
2020-05-15 17:49:04,19.5,19.1,50.0,21.0,15.0
2020-05-15 18:19:04,19.5,20.0,49.0,21.0,15.0
2020-05-15 18:49:04,18.8,19.3,49.0,21.0,15.0
2020-05-15 19:19:04,18.8,18.3,48.0,21.0,15.0
2020-05-15 19:49:04,18.0,17.6,43.0,21.0,15.0
2020-05-15 20:19:04,18.0,18.5,42.0,21.0,15.0
2020-05-15 20:49:04,17.2,17.5,38.0,21.0,15.0
2020-05-15 21:19:04,17.2,17.6,44.0,21.0,15.0
2020-05-15 21:49:04,16.5,16.4,39.0,21.0,15.0
2020-05-15 22:19:04,16.5,17.2,44.0,21.0,15.0
2020-05-15 22:49:04,15.9,16.5,39.0,21.0,15.0
2020-05-15 23:19:04,15.9,16.0,40.0,21.0,15.0
2020-05-15 23:49:04,15.4,16.5,39.0,21.0,15.0
2020-05-16 00:19:04,15.4,16.4,39.0,21.0,15.0
2020-05-16 00:49:04,15.1,16.3,40.0,21.0,15.0
2020-05-16 01:19:04,15.1,16.3,40.0,21.0,15.0
2020-05-16 01:49:04,15.0,15.8,41.0,21.0,15.0
2020-05-16 02:19:04,15.0,14.9,45.0,21.0,15.0
2020-05-16 02:49:04,15.1,15.7,42.0,21.0,15.0
2020-05-16 03:19:04,15.1,15.7,41.0,21.0,15.0
2020-05-16 03:49:04,15.4,15.3,42.0,21.0,15.0
2020-05-16 04:19:04,15.4,15.3,41.0,21.0,15.0
2020-05-16 04:49:04,15.9,15.7,42.0,21.0,15.0
2020-05-16 05:19:04,15.9,16.5,42.0,21.0,15.0
2020-05-16 05:49:04,16.5,16.4,40.0,21.0,15.0
2020-05-16 06:19:04,16.5,16.8,46.0,21.0,15.0
2020-05-16 06:49:04,17.2,17.1,50.0,21.0,15.0
2020-05-16 07:19:04,17.2,17.5,52.0,21.0,15.0
2020-05-16 07:49:04,18.0,18.2,53.0,21.0,15.0
2020-05-16 08:19:04,18.0,19.3,34.0,21.0,15.0
2020-05-16 08:49:04,18.8,18.4,75.0,21.0,15.0
2020-05-16 09:19:04,18.8,19.3,85.0,21.0,15.0
2020-05-16 09:49:04,19.5,19.1,68.0,21.0,15.0
2020-05-16 10:19:04,19.5,20.1,77.0,21.0,15.0
2020-05-16 10:49:04,20.1,20.5,50.0,21.0,15.0
2020-05-16 11:19:04,20.1,20.8,69.0,21.0,15.0
2020-05-16 11:49:04,20.6,21.3,68.0,21.0,15.0
2020-05-16 12:19:04,20.6,21.2,69.0,21.0,15.0
2020-05-16 12:49:04,20.9,21.1,40.0,21.0,15.0
2020-05-16 13:19:04,20.9,21.4,40.0,21.0,15.0
2020-05-16 13:49:04,21.0,21.8,37.0,21.0,15.0
2020-05-16 14:19:04,21.0,22.2,38.0,21.0,15.0
2020-05-16 14:49:04,20.9,20.8,64.0,21.0,15.0
2020-05-16 15:19:04,20.9,21.0,61.0,21.0,15.0
2020-05-16 15:49:04,20.6,21.7,40.0,21.0,15.0
2020-05-16 16:19:04,20.6,21.5,42.0,21.0,15.0
2020-05-16 16:49:04,20.1,20.7,79.0,21.0,15.0
2020-05-16 17:19:04,20.1,20.2,73.0,21.0,15.0
2020-05-16 17:49:04,19.5,20.2,38.0,21.0,15.0
2020-05-16 18:19:04,19.5,19.4,44.0,21.0,15.0
2020-05-16 18:49:04,18.8,18.9,39.0,21.0,15.0
2020-05-16 19:19:04,18.8,19.0,42.0,21.0,15.0
2020-05-16 19:49:04,18.0,18.6,39.0,21.0,15.0
2020-05-16 20:19:04,18.0,18.4,39.0,21.0,15.0
2020-05-16 20:49:04,17.2,18.5,39.0,21.0,15.0
2020-05-16 21:19:04,17.2,17.6,41.0,21.0,15.0
2020-05-16 21:49:04,16.5,17.4,41.0,21.0,15.0
2020-05-16 22:19:04,16.5,16.8,44.0,21.0,15.0
2020-05-16 22:49:04,15.9,16.7,44.0,21.0,15.0
2020-05-16 23:19:04,15.9,16.5,44.0,21.0,15.0
2020-05-16 23:49:04,15.4,16.8,44.0,21.0,15.0
2020-05-17 00:19:04,15.4,15.2,49.0,21.0,15.0
2020-05-17 00:49:04,15.1,15.9,48.0,21.0,15.0
2020-05-17 01:19:04,15.1,15.8,48.0,21.0,15.0
2020-05-17 01:49:04,15.0,16.3,47.0,21.0,15.0
2020-05-17 02:19:04,15.0,16.3,47.0,21.0,15.0
2020-05-17 02:49:04,15.1,16.1,48.0,21.0,15.0
2020-05-17 03:19:04,15.1,15.9,50.0,21.0,15.0
2020-05-17 03:49:04,15.4,15.8,50.0,21.0,15.0
2020-05-17 04:19:04,15.4,15.8,51.0,21.0,15.0
2020-05-17 04:49:04,15.9,15.7,52.0,21.0,15.0
2020-05-17 05:19:04,15.9,16.4,51.0,21.0,15.0
2020-05-17 05:49:04,16.5,16.3,50.0,21.0,15.0
2020-05-17 06:19:04,16.5,16.4,49.0,21.0,15.0
2020-05-17 06:49:04,17.2,17.2,52.0,21.0,15.0
2020-05-17 07:19:04,17.2,17.9,55.0,21.0,15.0
2020-05-17 07:49:04,18.0,18.5,46.0,21.0,15.0
2020-05-17 08:19:04,18.0,18.2,58.0,21.0,15.0
2020-05-17 08:49:04,18.8,19.3,81.0,21.0,15.0
2020-05-17 09:19:04,18.8,18.5,73.0,21.0,15.0
2020-05-17 09:49:04,19.5,19.5,56.0,21.0,15.0
2020-05-17 10:19:04,19.5,20.5,48.0,21.0,15.0
2020-05-17 10:49:04,20.1,21.3,46.0,21.0,15.0
2020-05-17 11:19:04,20.1,19.9,69.0,21.0,15.0
2020-05-17 11:49:04,20.6,20.7,70.0,21.0,15.0
2020-05-17 12:19:04,20.6,21.7,46.0,21.0,15.0
2020-05-17 12:49:04,20.9,21.6,78.0,21.0,15.0
2020-05-17 13:19:04,20.9,21.1,55.0,21.0,15.0
2020-05-17 13:49:04,21.0,20.7,61.0,21.0,15.0
2020-05-17 14:19:04,21.0,21.6,76.0,21.0,15.0
2020-05-17 14:49:04,20.9,20.7,61.0,21.0,15.0
2020-05-17 15:19:04,20.9,21.6,77.0,21.0,15.0
2020-05-17 15:49:04,20.6,20.4,63.0,21.0,15.0
2020-05-17 16:19:04,20.6,21.2,80.0,21.0,15.0
2020-05-17 16:49:04,20.1,20.1,63.0,21.0,15.0
2020-05-17 17:19:04,20.1,20.6,76.0,21.0,15.0
2020-05-17 17:49:04,19.5,20.6,52.0,21.0,15.0
2020-05-17 18:19:04,19.5,19.6,60.0,21.0,15.0
2020-05-17 18:49:04,18.8,18.5,55.0,21.0,15.0
2020-05-17 19:19:04,18.8,18.9,49.0,21.0,15.0
2020-05-17 19:49:04,18.0,19.3,43.0,21.0,15.0
2020-05-17 20:19:04,18.0,18.6,45.0,21.0,15.0
2020-05-17 20:49:04,17.2,18.0,54.0,21.0,15.0
2020-05-17 21:19:04,17.2,17.8,61.0,21.0,15.0
2020-05-17 21:49:04,16.5,17.8,49.0,21.0,15.0
2020-05-17 22:19:04,16.5,16.3,63.0,21.0,15.0
2020-05-17 22:49:04,15.9,16.5,55.0,21.0,15.0
2020-05-17 23:19:04,15.9,16.1,60.0,21.0,15.0
2020-05-17 23:49:04,15.4,16.3,55.0,21.0,15.0
2020-05-18 00:19:04,15.4,15.6,63.0,21.0,15.0
2020-05-18 00:49:04,15.1,16.1,57.0,21.0,15.0
2020-05-18 01:19:04,15.1,15.6,65.0,21.0,15.0
2020-05-18 01:49:04,15.0,15.3,69.0,21.0,15.0
2020-05-18 02:19:04,15.0,15.1,69.0,21.0,15.0
2020-05-18 02:49:04,15.1,16.5,54.0,21.0,15.0
2020-05-18 03:19:04,15.1,15.4,67.0,21.0,15.0
2020-05-18 03:49:04,15.4,15.3,69.0,21.0,15.0
2020-05-18 04:19:04,15.4,16.9,58.0,21.0,15.0
2020-05-18 04:49:04,15.9,15.9,67.0,21.0,15.0
2020-05-18 05:19:04,15.9,16.1,65.0,21.0,15.0
2020-05-18 05:49:04,16.5,17.8,51.0,21.0,15.0
2020-05-18 06:19:04,16.5,16.6,67.0,21.0,15.0
2020-05-18 06:49:04,17.2,17.5,68.0,21.0,15.0
2020-05-18 07:19:04,17.2,18.6,53.0,21.0,15.0
2020-05-18 07:49:04,18.0,18.0,65.0,21.0,15.0
2020-05-18 08:19:04,18.0,19.3,55.0,21.0,15.0
2020-05-18 08:49:04,18.8,19.0,81.0,21.0,15.0
2020-05-18 09:19:04,18.8,18.9,82.0,21.0,15.0
2020-05-18 09:49:04,19.5,20.4,60.0,21.0,15.0
2020-05-18 10:19:04,19.5,19.8,80.0,21.0,15.0
2020-05-18 10:49:04,20.1,20.4,74.0,21.0,15.0
2020-05-18 11:19:04,20.1,20.3,62.0,21.0,15.0
2020-05-18 11:49:04,20.6,20.6,73.0,21.0,15.0
2020-05-18 12:19:04,20.6,22.2,50.0,21.0,15.0
2020-05-18 12:49:04,20.9,20.9,68.0,21.0,15.0
2020-05-18 13:19:04,20.9,21.1,60.0,21.0,15.0
2020-05-18 13:49:04,21.0,21.2,67.0,21.0,15.0
2020-05-18 14:19:04,21.0,20.8,62.0,21.0,15.0
2020-05-18 14:49:04,20.9,21.7,49.0,21.0,15.0
2020-05-18 15:19:04,20.9,21.4,78.0,21.0,15.0
2020-05-18 15:49:04,20.6,21.9,49.0,21.0,15.0
2020-05-18 16:19:04,20.6,21.1,82.0,21.0,15.0
2020-05-18 16:49:04,20.1,19.8,82.0,21.0,15.0
2020-05-18 17:19:04,20.1,20.5,86.0,21.0,15.0
2020-05-18 17:49:04,19.5,21.0,48.0,21.0,15.0
2020-05-18 18:19:04,19.5,19.7,60.0,21.0,15.0
2020-05-18 18:49:04,18.8,18.7,55.0,21.0,15.0
2020-05-18 19:19:04,18.8,19.0,43.0,21.0,15.0
2020-05-18 19:49:04,18.0,18.2,52.0,21.0,15.0
2020-05-18 20:19:04,18.0,18.7,56.0,21.0,15.0
2020-05-18 20:49:04,17.2,18.7,47.0,21.0,15.0
2020-05-18 21:19:04,17.2,17.0,62.0,21.0,15.0
2020-05-18 21:49:04,16.5,17.2,58.0,21.0,15.0
2020-05-18 22:19:04,16.5,16.4,62.0,21.0,15.0
2020-05-18 22:49:04,15.9,16.8,60.0,21.0,15.0
2020-05-18 23:19:04,15.9,16.1,64.0,21.0,15.0
2020-05-18 23:49:04,15.4,16.1,65.0,21.0,15.0
2020-05-19 00:19:04,15.4,16.1,65.0,21.0,15.0
2020-05-19 00:49:04,15.1,16.1,66.0,21.0,15.0
2020-05-19 01:19:04,15.1,16.1,66.0,21.0,15.0
2020-05-19 01:49:04,15.0,16.0,66.0,21.0,15.0
2020-05-19 02:19:04,15.0,16.0,67.0,21.0,15.0
2020-05-19 02:49:04,15.1,16.0,67.0,21.0,15.0
2020-05-19 03:19:04,15.1,16.0,67.0,21.0,15.0
2020-05-19 03:49:04,15.4,16.0,67.0,21.0,15.0
2020-05-19 04:19:04,15.4,16.0,67.0,21.0,15.0
2020-05-19 04:49:04,15.9,16.0,66.0,21.0,15.0
2020-05-19 05:19:04,15.9,16.9,60.0,21.0,15.0
2020-05-19 05:49:04,16.5,16.8,63.0,21.0,15.0
2020-05-19 06:19:04,16.5,18.3,56.0,21.0,15.0
2020-05-19 06:49:04,17.2,17.1,63.0,21.0,15.0
2020-05-19 07:19:04,17.2,18.1,59.0,21.0,15.0
2020-05-19 07:49:04,18.0,18.6,64.0,21.0,15.0
2020-05-19 08:19:04,18.0,19.6,53.0,21.0,15.0
2020-05-19 08:49:04,18.8,19.3,77.0,21.0,15.0
2020-05-19 09:19:04,18.8,18.8,71.0,21.0,15.0
2020-05-19 09:49:04,19.5,21.1,49.0,21.0,15.0
2020-05-19 10:19:04,19.5,19.6,75.0,21.0,15.0
2020-05-19 10:49:04,20.1,19.8,72.0,21.0,15.0
2020-05-19 11:19:04,20.1,20.3,50.0,21.0,15.0
2020-05-19 11:49:04,20.6,21.0,45.0,21.0,15.0
2020-05-19 12:19:04,20.6,21.3,44.0,21.0,15.0
2020-05-19 12:49:04,20.9,20.5,60.0,21.0,15.0
2020-05-19 13:19:04,20.9,21.7,46.0,21.0,15.0
2020-05-19 13:49:04,21.0,21.8,78.0,21.0,15.0
2020-05-19 14:19:04,21.0,21.3,54.0,21.0,15.0
2020-05-19 14:49:04,20.9,20.6,71.0,21.0,15.0
2020-05-19 15:19:04,20.9,20.9,81.0,21.0,15.0
2020-05-19 15:49:04,20.6,21.2,51.0,21.0,15.0
2020-05-19 16:19:04,20.6,20.8,81.0,21.0,15.0
2020-05-19 16:49:04,20.1,19.6,81.0,21.0,15.0
2020-05-19 17:19:04,20.1,19.7,70.0,21.0,15.0
2020-05-19 17:49:04,19.5,19.8,53.0,21.0,15.0
2020-05-19 18:19:04,19.5,20.0,60.0,21.0,15.0
2020-05-19 18:49:04,18.8,19.0,52.0,21.0,15.0
2020-05-19 19:19:04,18.8,19.2,54.0,21.0,15.0
2020-05-19 19:49:04,18.0,17.8,55.0,21.0,15.0
2020-05-19 20:19:04,18.0,18.1,54.0,21.0,15.0
2020-05-19 20:49:04,17.2,18.1,61.0,21.0,15.0
2020-05-19 21:19:04,17.2,17.8,62.0,21.0,15.0
2020-05-19 21:49:04,16.5,17.8,61.0,21.0,15.0
2020-05-19 22:19:04,16.5,17.3,62.0,21.0,15.0
2020-05-19 22:49:04,15.9,17.0,60.0,21.0,15.0
2020-05-19 23:19:04,15.9,16.9,58.0,21.0,15.0
2020-05-19 23:49:04,15.4,15.7,66.0,21.0,15.0
2020-05-20 00:19:04,15.4,16.1,62.0,21.0,15.0
2020-05-20 00:49:04,15.1,15.2,57.0,21.0,15.0
2020-05-20 01:19:04,15.1,15.7,51.0,21.0,15.0
2020-05-20 01:49:04,15.0,15.7,48.0,21.0,15.0
2020-05-20 02:19:04,15.0,15.3,47.0,21.0,15.0
2020-05-20 02:49:04,15.1,15.7,48.0,21.0,15.0
2020-05-20 03:19:04,15.1,15.9,48.0,21.0,15.0
2020-05-20 03:49:04,15.4,15.6,50.0,21.0,15.0
2020-05-20 04:19:04,15.4,15.5,51.0,21.0,15.0
2020-05-20 04:49:04,15.9,15.8,54.0,21.0,15.0
2020-05-20 05:19:04,15.9,16.3,53.0,21.0,15.0
2020-05-20 05:49:04,16.5,16.3,55.0,21.0,15.0
2020-05-20 06:19:04,16.5,16.9,51.0,21.0,15.0
2020-05-20 06:49:04,17.2,17.5,53.0,21.0,15.0
2020-05-20 07:19:04,17.2,18.2,54.0,21.0,15.0
2020-05-20 07:49:04,18.0,17.6,63.0,21.0,15.0
2020-05-20 08:19:04,18.0,18.1,56.0,21.0,15.0
2020-05-20 08:49:04,18.8,18.6,71.0,21.0,15.0
2020-05-20 09:19:04,18.8,18.4,80.0,21.0,15.0
2020-05-20 09:49:04,19.5,19.2,82.0,21.0,15.0
2020-05-20 10:19:04,19.5,19.2,80.0,21.0,15.0
2020-05-20 10:49:04,20.1,19.5,81.0,21.0,15.0
2020-05-20 11:19:04,20.1,20.1,84.0,21.0,15.0
2020-05-20 11:49:04,20.6,21.1,83.0,21.0,15.0
2020-05-20 12:19:04,20.6,20.8,77.0,21.0,15.0
2020-05-20 12:49:04,20.9,21.1,81.0,21.0,15.0
2020-05-20 13:19:04,20.9,21.3,84.0,21.0,15.0
2020-05-20 13:49:04,21.0,20.9,84.0,21.0,15.0
2020-05-20 14:19:04,21.0,20.5,82.0,21.0,15.0
2020-05-20 14:49:04,20.9,19.9,77.0,21.0,15.0
2020-05-20 15:19:04,20.9,20.9,89.0,21.0,15.0
2020-05-20 15:49:04,20.6,21.2,94.0,21.0,15.0
2020-05-20 16:19:04,20.6,21.0,93.0,21.0,15.0
2020-05-20 16:49:04,20.1,20.5,93.0,21.0,15.0
2020-05-20 17:19:04,20.1,20.5,92.0,21.0,15.0
2020-05-20 17:49:04,19.5,18.7,80.0,21.0,15.0
2020-05-20 18:19:04,19.5,20.0,87.0,21.0,15.0
2020-05-20 18:49:04,18.8,18.4,72.0,21.0,15.0
2020-05-20 19:19:04,18.8,19.1,77.0,21.0,15.0
2020-05-20 19:49:04,18.0,17.4,59.0,21.0,15.0
2020-05-20 20:19:04,18.0,18.2,66.0,21.0,15.0
2020-05-20 20:49:04,17.2,16.7,56.0,21.0,15.0
2020-05-20 21:19:04,17.2,17.6,64.0,21.0,15.0
2020-05-20 21:49:04,16.5,16.0,55.0,21.0,15.0
2020-05-20 22:19:04,16.5,17.0,61.0,21.0,15.0
2020-05-20 22:49:04,15.9,15.6,54.0,21.0,15.0
2020-05-20 23:19:04,15.9,16.6,58.0,21.0,15.0
2020-05-20 23:49:04,15.4,15.8,56.0,21.0,15.0
2020-05-21 00:19:04,15.4,15.1,53.0,21.0,15.0
2020-05-21 00:49:04,15.1,14.9,52.0,21.0,15.0
2020-05-21 01:19:04,15.1,15.6,56.0,21.0,15.0
2020-05-21 01:49:04,15.0,14.8,55.0,21.0,15.0
2020-05-21 02:19:04,15.0,15.7,57.0,21.0,15.0
2020-05-21 02:49:04,15.1,15.1,55.0,21.0,15.0
2020-05-21 03:19:04,15.1,15.6,55.0,21.0,15.0
2020-05-21 03:49:04,15.4,15.2,54.0,21.0,15.0
2020-05-21 04:19:04,15.4,16.1,53.0,21.0,15.0
2020-05-21 04:49:04,15.9,15.5,52.0,21.0,15.0
2020-05-21 05:19:04,15.9,15.7,50.0,21.0,15.0
2020-05-21 05:49:04,16.5,16.2,55.0,21.0,15.0
2020-05-21 06:19:04,16.5,16.6,50.0,21.0,15.0
2020-05-21 06:49:04,17.2,16.7,54.0,21.0,15.0
2020-05-21 07:19:04,17.2,17.7,51.0,21.0,15.0
2020-05-21 07:49:04,18.0,17.5,52.0,21.0,15.0
2020-05-21 08:19:04,18.0,17.8,47.0,21.0,15.0
2020-05-21 08:49:04,18.8,18.4,57.0,21.0,15.0
2020-05-21 09:19:04,18.8,18.5,66.0,21.0,15.0
2020-05-21 09:49:04,19.5,19.4,67.0,21.0,15.0
2020-05-21 10:19:04,19.5,19.5,77.0,21.0,15.0
2020-05-21 10:49:04,20.1,20.5,84.0,21.0,15.0
2020-05-21 11:19:04,20.1,20.2,55.0,21.0,15.0
2020-05-21 11:49:04,20.6,20.3,53.0,21.0,15.0
2020-05-21 12:19:04,20.6,20.4,66.0,21.0,15.0
2020-05-21 12:49:04,20.9,20.6,75.0,21.0,15.0
2020-05-21 13:19:04,20.9,20.9,79.0,21.0,15.0
2020-05-21 13:49:04,21.0,21.1,84.0,21.0,15.0
2020-05-21 14:19:04,21.0,20.8,69.0,21.0,15.0
2020-05-21 14:49:04,20.9,20.4,68.0,21.0,15.0
2020-05-21 15:19:04,20.9,20.0,74.0,21.0,15.0
2020-05-21 15:49:04,20.6,20.0,77.0,21.0,15.0
2020-05-21 16:19:04,20.6,20.2,86.0,21.0,15.0
2020-05-21 16:49:04,20.1,20.6,93.0,21.0,15.0
2020-05-21 17:19:04,20.1,19.5,90.0,21.0,15.0
2020-05-21 17:49:04,19.5,19.3,71.0,21.0,15.0
2020-05-21 18:19:04,19.5,19.6,59.0,21.0,15.0
2020-05-21 18:49:04,18.8,19.4,56.0,21.0,15.0
2020-05-21 19:19:04,18.8,18.9,52.0,21.0,15.0
2020-05-21 19:49:04,18.0,17.6,47.0,21.0,15.0
2020-05-21 20:19:04,18.0,18.1,45.0,21.0,15.0
2020-05-21 20:49:04,17.2,17.0,48.0,21.0,15.0
2020-05-21 21:19:04,17.2,17.6,49.0,21.0,15.0
2020-05-21 21:49:04,16.5,16.5,51.0,21.0,15.0
2020-05-21 22:19:04,16.5,17.1,52.0,21.0,15.0
2020-05-21 22:49:04,15.9,16.0,53.0,21.0,15.0
2020-05-21 23:19:04,15.9,16.3,55.0,21.0,15.0
2020-05-21 23:49:04,15.4,16.2,55.0,21.0,15.0
2020-05-22 00:19:04,15.4,15.8,57.0,21.0,15.0
2020-05-22 00:49:04,15.1,15.9,57.0,21.0,15.0
2020-05-22 01:19:04,15.1,15.9,57.0,21.0,15.0
2020-05-22 01:49:04,15.0,15.8,60.0,21.0,15.0
2020-05-22 02:19:04,15.0,15.6,63.0,21.0,15.0
2020-05-22 02:49:04,15.1,15.3,66.0,21.0,15.0
2020-05-22 03:19:04,15.1,15.4,66.0,21.0,15.0
2020-05-22 03:49:04,15.4,15.3,67.0,21.0,15.0
2020-05-22 04:19:04,15.4,15.6,65.0,21.0,15.0
2020-05-22 04:49:04,15.9,15.9,68.0,21.0,15.0
2020-05-22 05:19:04,15.9,15.7,66.0,21.0,15.0
2020-05-22 05:49:04,16.5,16.9,66.0,21.0,15.0
2020-05-22 06:19:04,16.5,16.4,65.0,21.0,15.0
2020-05-22 06:49:04,17.2,17.5,65.0,21.0,15.0
2020-05-22 07:19:04,17.2,16.9,63.0,21.0,15.0
2020-05-22 07:49:04,18.0,18.0,65.0,21.0,15.0
2020-05-22 08:19:04,18.0,17.8,62.0,21.0,15.0
2020-05-22 08:49:04,18.8,18.8,83.0,21.0,15.0
2020-05-22 09:19:04,18.8,18.2,79.0,21.0,15.0
2020-05-22 09:49:04,19.5,20.2,83.0,21.0,15.0
2020-05-22 10:19:04,19.5,20.0,78.0,21.0,15.0
2020-05-22 10:49:04,20.1,20.5,75.0,21.0,15.0
2020-05-22 11:19:04,20.1,20.2,85.0,21.0,15.0
2020-05-22 11:49:04,20.6,21.1,67.0,21.0,15.0
2020-05-22 12:19:04,20.6,20.9,81.0,21.0,15.0
2020-05-22 12:49:04,20.9,20.9,82.0,21.0,15.0
2020-05-22 13:19:04,20.9,21.0,82.0,21.0,15.0
2020-05-22 13:49:04,21.0,21.5,83.0,21.0,15.0
2020-05-22 14:19:04,21.0,21.4,84.0,21.0,15.0
2020-05-22 14:49:04,20.9,21.5,84.0,21.0,15.0
2020-05-22 15:19:04,20.9,21.1,82.0,21.0,15.0
2020-05-22 15:49:04,20.6,20.6,81.0,21.0,15.0
2020-05-22 16:19:04,20.6,20.3,82.0,21.0,15.0
2020-05-22 16:49:04,20.1,20.8,91.0,21.0,15.0
2020-05-22 17:19:04,20.1,20.1,88.0,21.0,15.0
2020-05-22 17:49:04,19.5,19.3,65.0,21.0,15.0
2020-05-22 18:19:04,19.5,20.0,71.0,21.0,15.0
2020-05-22 18:49:04,18.8,19.1,64.0,21.0,15.0
2020-05-22 19:19:04,18.8,19.1,66.0,21.0,15.0
2020-05-22 19:49:04,18.0,17.8,64.0,21.0,15.0
2020-05-22 20:19:04,18.0,18.4,65.0,21.0,15.0
2020-05-22 20:49:04,17.2,17.6,67.0,21.0,15.0
2020-05-22 21:19:04,17.2,17.1,70.0,21.0,15.0
2020-05-22 21:49:04,16.5,17.1,70.0,21.0,15.0
2020-05-22 22:19:04,16.5,16.8,72.0,21.0,15.0
2020-05-22 22:49:04,15.9,17.0,71.0,21.0,15.0
2020-05-22 23:19:04,15.9,16.8,71.0,21.0,15.0
2020-05-22 23:49:04,15.4,16.5,73.0,21.0,15.0
2020-05-23 00:19:04,15.4,16.5,73.0,21.0,15.0
2020-05-23 00:49:04,15.1,16.3,73.0,21.0,15.0
2020-05-23 01:19:04,15.1,16.3,73.0,21.0,15.0
2020-05-23 01:49:04,15.0,16.3,72.0,21.0,15.0
2020-05-23 02:19:04,15.0,16.1,71.0,21.0,15.0
2020-05-23 02:49:04,15.1,16.0,71.0,21.0,15.0
2020-05-23 03:19:04,15.1,15.8,70.0,21.0,15.0
2020-05-23 03:49:04,15.4,15.3,70.0,21.0,15.0
2020-05-23 04:19:04,15.4,15.2,70.0,21.0,15.0
2020-05-23 04:49:04,15.9,15.9,70.0,21.0,15.0
2020-05-23 05:19:04,15.9,15.9,66.0,21.0,15.0
2020-05-23 05:49:04,16.5,16.5,69.0,21.0,15.0
2020-05-23 06:19:04,16.5,16.5,65.0,21.0,15.0
2020-05-23 06:49:04,17.2,17.0,67.0,21.0,15.0
2020-05-23 07:19:04,17.2,17.4,63.0,21.0,15.0
2020-05-23 07:49:04,18.0,18.2,62.0,21.0,15.0
2020-05-23 08:19:04,18.0,18.4,61.0,21.0,15.0
2020-05-23 08:49:04,18.8,18.9,76.0,21.0,15.0
2020-05-23 09:19:04,18.8,18.8,77.0,21.0,15.0
2020-05-23 09:49:04,19.5,19.7,73.0,21.0,15.0
2020-05-23 10:19:04,19.5,19.5,66.0,21.0,15.0
2020-05-23 10:49:04,20.1,20.8,82.0,21.0,15.0
2020-05-23 11:19:04,20.1,20.0,75.0,21.0,15.0
2020-05-23 11:49:04,20.6,20.4,71.0,21.0,15.0
2020-05-23 12:19:04,20.6,20.4,66.0,21.0,15.0
2020-05-23 12:49:04,20.9,21.0,75.0,21.0,15.0
2020-05-23 13:19:04,20.9,21.2,71.0,21.0,15.0
2020-05-23 13:49:04,21.0,20.9,63.0,21.0,15.0
2020-05-23 14:19:04,21.0,20.7,70.0,21.0,15.0
2020-05-23 14:49:04,20.9,21.4,76.0,21.0,15.0
2020-05-23 15:19:04,20.9,20.6,64.0,21.0,15.0
2020-05-23 15:49:04,20.6,20.1,76.0,21.0,15.0
2020-05-23 16:19:04,20.6,20.0,87.0,21.0,15.0
2020-05-23 16:49:04,20.1,20.8,94.0,21.0,15.0
2020-05-23 17:19:04,20.1,20.2,92.0,21.0,15.0
2020-05-23 17:49:04,19.5,19.3,71.0,21.0,15.0
2020-05-23 18:19:04,19.5,20.1,74.0,21.0,15.0
2020-05-23 18:49:04,18.8,19.1,62.0,21.0,15.0
2020-05-23 19:19:04,18.8,18.4,58.0,21.0,15.0
2020-05-23 19:49:04,18.0,17.7,58.0,21.0,15.0
2020-05-23 20:19:04,18.0,18.4,57.0,21.0,15.0
2020-05-23 20:49:04,17.2,17.1,57.0,21.0,15.0
2020-05-23 21:19:04,17.2,17.8,61.0,21.0,15.0
2020-05-23 21:49:04,16.5,16.8,60.0,21.0,15.0
2020-05-23 22:19:04,16.5,16.9,64.0,21.0,15.0
2020-05-23 22:49:04,15.9,16.1,60.0,21.0,15.0
2020-05-23 23:19:04,15.9,15.8,60.0,21.0,15.0
2020-05-23 23:49:04,15.9,15.8,60.0,21.0,15.0
2020-05-24 00:19:04,15.4,15.9,58.0,21.0,15.0
2020-05-24 00:49:04,15.1,15.8,63.0,21.0,15.0
2020-05-24 01:19:04,15.1,15.8,65.0,21.0,15.0
2020-05-24 01:49:04,15.0,15.4,68.0,21.0,15.0
2020-05-24 02:19:04,15.0,14.9,70.0,21.0,15.0
2020-05-24 02:49:04,15.1,15.1,63.0,21.0,15.0
2020-05-24 03:19:04,15.1,15.4,60.0,21.0,15.0
2020-05-24 03:49:04,15.4,15.9,62.0,21.0,15.0
2020-05-24 04:19:04,15.4,15.3,63.0,21.0,15.0
2020-05-24 04:49:04,15.9,16.3,62.0,21.0,15.0
2020-05-24 05:19:04,15.9,15.6,63.0,21.0,15.0
2020-05-24 05:49:04,16.5,16.8,63.0,21.0,15.0
2020-05-24 06:19:04,16.5,16.3,63.0,21.0,15.0
2020-05-24 06:49:04,17.2,17.2,65.0,21.0,15.0
2020-05-24 07:19:04,17.2,17.6,61.0,21.0,15.0
2020-05-24 07:49:04,18.0,17.9,56.0,21.0,15.0
2020-05-24 08:19:04,18.0,18.2,49.0,21.0,15.0
2020-05-24 08:49:04,18.8,18.9,77.0,21.0,15.0
2020-05-24 09:19:04,18.8,19.2,80.0,21.0,15.0
2020-05-24 09:49:04,19.5,19.8,84.0,21.0,15.0
2020-05-24 10:19:04,19.5,20.2,86.0,21.0,15.0
2020-05-24 10:49:04,20.1,20.8,89.0,21.0,15.0
2020-05-24 11:19:04,20.1,20.0,79.0,21.0,15.0
2020-05-24 11:49:04,20.6,20.3,69.0,21.0,15.0
2020-05-24 12:19:04,20.6,20.1,68.0,21.0,15.0
2020-05-24 12:49:04,20.9,20.3,71.0,21.0,15.0
2020-05-24 13:19:04,20.9,20.6,73.0,21.0,15.0
2020-05-24 13:49:04,21.0,20.9,77.0,21.0,15.0
2020-05-24 14:19:04,21.0,21.0,81.0,21.0,15.0
2020-05-24 14:49:04,20.9,20.7,81.0,21.0,15.0
2020-05-24 15:19:04,20.9,20.7,84.0,21.0,15.0
2020-05-24 15:49:04,20.6,20.1,86.0,21.0,15.0
2020-05-24 16:19:04,20.6,19.7,88.0,21.0,15.0
2020-05-24 16:49:04,20.1,19.3,89.0,21.0,15.0
2020-05-24 17:19:04,20.1,20.5,91.0,21.0,15.0
2020-05-24 17:49:04,19.5,19.5,82.0,21.0,15.0
2020-05-24 18:19:04,19.5,18.8,67.0,21.0,15.0
2020-05-24 18:49:04,18.8,18.5,58.0,21.0,15.0
2020-05-24 19:19:04,18.8,19.0,64.0,21.0,15.0
2020-05-24 19:49:04,18.0,17.5,58.0,21.0,15.0
2020-05-24 20:19:04,18.0,17.8,55.0,21.0,15.0
2020-05-24 20:49:04,17.2,17.0,55.0,21.0,15.0
2020-05-24 21:19:04,17.2,17.6,59.0,21.0,15.0
2020-05-24 21:49:04,16.5,16.1,58.0,21.0,15.0
2020-05-24 22:19:04,16.5,16.3,57.0,21.0,15.0
2020-05-24 22:49:04,15.9,15.6,58.0,21.0,15.0
2020-05-24 23:19:04,15.9,16.1,57.0,21.0,15.0
2020-05-24 23:49:04,15.4,15.5,55.0,21.0,15.0
2020-05-25 00:19:04,15.4,16.0,56.0,21.0,15.0
2020-05-25 00:49:04,15.1,15.8,55.0,21.0,15.0
2020-05-25 01:19:04,15.1,15.4,55.0,21.0,15.0
2020-05-25 01:49:04,15.0,14.8,53.0,21.0,15.0
2020-05-25 02:19:04,15.0,15.5,53.0,21.0,15.0
2020-05-25 02:49:04,15.1,15.1,54.0,21.0,15.0
2020-05-25 03:19:04,15.1,15.2,50.0,21.0,15.0
2020-05-25 03:49:04,15.4,15.2,53.0,21.0,15.0
2020-05-25 04:19:04,15.4,14.9,49.0,21.0,15.0
2020-05-25 04:49:04,15.9,15.5,54.0,21.0,15.0
2020-05-25 05:19:04,15.9,16.3,55.0,21.0,15.0
2020-05-25 05:49:04,16.5,16.6,55.0,21.0,15.0
2020-05-25 06:19:04,16.5,16.6,56.0,21.0,15.0
2020-05-25 06:49:04,17.2,16.8,58.0,21.0,15.0
2020-05-25 07:19:04,17.2,17.4,57.0,21.0,15.0
2020-05-25 07:49:04,18.0,18.0,56.0,21.0,15.0
2020-05-25 08:19:04,18.0,17.7,47.0,21.0,15.0
2020-05-25 08:49:04,18.8,18.3,80.0,21.0,15.0
2020-05-25 09:19:04,18.8,18.2,83.0,21.0,15.0
2020-05-25 09:49:04,19.5,19.0,83.0,21.0,15.0
2020-05-25 10:19:04,19.5,20.0,85.0,21.0,15.0
2020-05-25 10:49:04,20.1,20.3,80.0,21.0,15.0
2020-05-25 11:19:04,20.1,20.1,68.0,21.0,15.0
2020-05-25 11:49:04,20.6,21.3,82.0,21.0,15.0
2020-05-25 12:19:04,20.6,20.4,52.0,21.0,15.0
2020-05-25 12:49:04,20.9,20.8,68.0,21.0,15.0
2020-05-25 13:19:04,20.9,21.2,66.0,21.0,15.0
2020-05-25 13:49:04,21.0,20.8,62.0,21.0,15.0
2020-05-25 14:19:04,21.0,21.4,68.0,21.0,15.0
2020-05-25 14:49:04,20.9,20.6,55.0,21.0,15.0
2020-05-25 15:19:04,20.9,21.1,76.0,21.0,15.0
2020-05-25 15:49:04,20.6,21.0,84.0,21.0,15.0
2020-05-25 16:19:04,20.6,20.2,89.0,21.0,15.0
2020-05-25 16:49:04,20.1,19.3,89.0,21.0,15.0
2020-05-25 17:19:04,20.1,20.8,94.0,21.0,15.0
2020-05-25 17:49:04,19.5,19.3,84.0,21.0,15.0
2020-05-25 18:19:04,19.5,19.8,82.0,21.0,15.0
2020-05-25 18:49:04,18.8,18.2,57.0,21.0,15.0
2020-05-25 19:19:04,18.8,19.0,61.0,21.0,15.0
2020-05-25 19:49:04,18.0,17.2,52.0,21.0,15.0
2020-05-25 20:19:04,18.0,18.5,54.0,21.0,15.0
2020-05-25 20:49:04,17.2,17.4,50.0,21.0,15.0
2020-05-25 21:19:04,17.2,16.8,46.0,21.0,15.0
2020-05-25 21:49:04,16.5,16.1,48.0,21.0,15.0
2020-05-25 22:19:04,16.5,16.9,49.0,21.0,15.0
2020-05-25 22:49:04,15.9,16.5,51.0,21.0,15.0
2020-05-25 23:19:04,15.9,16.1,54.0,21.0,15.0
2020-05-25 23:49:04,15.4,15.0,53.0,21.0,15.0
2020-05-26 00:19:04,15.4,15.7,52.0,21.0,15.0
2020-05-26 00:49:04,15.1,15.8,55.0,21.0,15.0
2020-05-26 01:19:04,15.1,15.3,54.0,21.0,15.0
2020-05-26 01:49:04,15.0,14.8,54.0,21.0,15.0
2020-05-26 02:19:04,15.0,15.2,52.0,21.0,15.0
2020-05-26 02:49:04,15.1,15.4,55.0,21.0,15.0
2020-05-26 03:19:04,15.1,14.8,53.0,21.0,15.0
2020-05-26 03:49:04,15.4,15.7,54.0,21.0,15.0
2020-05-26 04:19:04,15.4,15.2,50.0,21.0,15.0
2020-05-26 04:49:04,15.9,15.8,53.0,21.0,15.0
2020-05-26 05:19:04,15.9,16.5,53.0,21.0,15.0
2020-05-26 05:49:04,16.5,16.3,50.0,21.0,15.0
2020-05-26 06:19:04,16.5,17.0,54.0,21.0,15.0
2020-05-26 06:49:04,17.2,17.4,56.0,21.0,15.0
2020-05-26 07:19:04,17.2,17.6,58.0,21.0,15.0
2020-05-26 07:49:04,18.0,18.0,58.0,21.0,15.0
2020-05-26 08:19:04,18.0,18.3,40.0,21.0,15.0
2020-05-26 08:49:04,18.8,18.3,78.0,21.0,15.0
2020-05-26 09:19:04,18.8,18.6,82.0,21.0,15.0
2020-05-26 09:49:04,19.5,20.3,85.0,21.0,15.0
2020-05-26 10:19:04,19.5,19.3,51.0,21.0,15.0
2020-05-26 10:49:04,20.1,20.5,67.0,21.0,15.0
2020-05-26 11:19:04,20.1,19.9,47.0,21.0,15.0
2020-05-26 11:49:04,20.6,20.5,55.0,21.0,15.0
2020-05-26 12:19:04,20.6,21.1,75.0,21.0,15.0
2020-05-26 12:49:04,20.9,21.1,83.0,21.0,15.0
2020-05-26 13:19:04,20.9,21.0,86.0,21.0,15.0
2020-05-26 13:49:04,21.0,21.2,86.0,21.0,15.0
2020-05-26 14:19:04,21.0,20.6,87.0,21.0,15.0
2020-05-26 14:49:04,20.9,20.5,86.0,21.0,15.0
2020-05-26 15:19:04,20.9,20.7,85.0,21.0,15.0
2020-05-26 15:49:04,20.6,20.1,83.0,21.0,15.0
2020-05-26 16:19:04,20.6,19.6,83.0,21.0,15.0
2020-05-26 16:49:04,20.1,19.3,83.0,21.0,15.0
2020-05-26 17:19:04,20.1,20.7,90.0,21.0,15.0
2020-05-26 17:49:04,19.5,20.1,37.0,21.0,15.0
2020-05-26 18:19:04,19.5,19.3,38.0,21.0,15.0
2020-05-26 18:49:04,18.8,18.5,43.0,21.0,15.0
2020-05-26 19:19:04,18.8,19.4,50.0,21.0,15.0
2020-05-26 19:49:04,18.0,17.8,44.0,21.0,15.0
2020-05-26 20:19:04,18.0,18.5,44.0,21.0,15.0
2020-05-26 20:49:04,17.2,17.4,44.0,21.0,15.0
2020-05-26 21:19:04,17.2,17.0,44.0,21.0,15.0
2020-05-26 21:49:04,16.5,16.9,45.0,21.0,15.0
2020-05-26 22:19:04,16.5,16.9,45.0,21.0,15.0
2020-05-26 22:49:04,15.9,17.1,44.0,21.0,15.0
2020-05-26 23:19:04,15.9,17.1,44.0,21.0,15.0
2020-05-26 23:49:04,15.4,15.2,60.0,21.0,15.0
2020-05-27 00:19:04,15.4,15.4,59.0,21.0,15.0
2020-05-27 00:49:04,15.1,15.5,58.0,21.0,15.0
2020-05-27 01:19:04,15.1,16.0,52.0,21.0,15.0
2020-05-27 01:49:04,15.0,16.4,48.0,21.0,15.0
2020-05-27 02:19:04,15.0,14.7,61.0,21.0,15.0
2020-05-27 02:49:04,15.1,15.4,59.0,21.0,15.0
2020-05-27 03:19:04,15.1,15.8,56.0,21.0,15.0
2020-05-27 03:49:04,15.4,15.8,51.0,21.0,15.0
2020-05-27 04:19:04,15.4,16.0,51.0,21.0,15.0
2020-05-27 04:49:04,15.9,15.8,53.0,21.0,15.0
2020-05-27 05:19:04,15.9,16.0,51.0,21.0,15.0
2020-05-27 05:49:04,16.5,16.3,55.0,21.0,15.0
2020-05-27 06:19:04,16.5,16.7,51.0,21.0,15.0
2020-05-27 06:49:04,17.2,17.1,54.0,21.0,15.0
2020-05-27 07:19:04,17.2,17.1,50.0,21.0,15.0
2020-05-27 07:49:04,18.0,18.2,52.0,21.0,15.0
2020-05-27 08:19:04,18.0,17.8,49.0,21.0,15.0
2020-05-27 08:49:04,18.8,18.5,81.0,21.0,15.0
2020-05-27 09:19:04,18.8,18.3,86.0,21.0,15.0
2020-05-27 09:49:04,19.5,20.1,93.0,21.0,15.0
2020-05-27 10:19:04,19.5,20.1,92.0,21.0,15.0
2020-05-27 10:49:04,20.1,20.1,92.0,21.0,15.0
2020-05-27 11:19:04,20.1,19.9,90.0,21.0,15.0
2020-05-27 11:49:04,20.6,21.1,88.0,21.0,15.0
2020-05-27 12:19:04,20.6,20.7,77.0,21.0,15.0
2020-05-27 12:49:04,20.9,20.7,70.0,21.0,15.0
2020-05-27 13:19:04,20.9,20.6,71.0,21.0,15.0
2020-05-27 13:49:04,21.0,20.8,74.0,21.0,15.0
2020-05-27 14:19:04,21.0,20.7,72.0,21.0,15.0
2020-05-27 14:49:04,20.9,20.6,75.0,21.0,15.0
2020-05-27 15:19:04,20.9,20.9,79.0,21.0,15.0
2020-05-27 15:49:04,20.6,21.3,83.0,21.0,15.0
2020-05-27 16:19:04,20.6,21.2,81.0,21.0,15.0
2020-05-27 16:49:04,20.1,20.7,83.0,21.0,15.0
2020-05-27 17:19:04,20.1,20.0,80.0,21.0,15.0
2020-05-27 17:49:04,19.5,19.8,61.0,21.0,15.0
2020-05-27 18:19:04,19.5,19.6,65.0,21.0,15.0
2020-05-27 18:49:04,18.8,18.5,62.0,21.0,15.0
2020-05-27 19:19:04,18.8,19.4,62.0,21.0,15.0
2020-05-27 19:49:04,18.0,18.2,61.0,21.0,15.0
2020-05-27 20:19:04,18.0,18.5,64.0,21.0,15.0
2020-05-27 20:49:04,17.2,17.2,65.0,21.0,15.0
2020-05-27 21:19:04,17.2,17.7,66.0,21.0,15.0
2020-05-27 21:49:04,16.5,16.4,64.0,21.0,15.0
2020-05-27 22:19:04,16.5,17.2,65.0,21.0,15.0
2020-05-27 22:49:04,15.9,16.7,67.0,21.0,15.0
2020-05-27 23:19:04,15.9,16.5,69.0,21.0,15.0
2020-05-27 23:49:04,15.4,16.7,68.0,21.0,15.0
2020-05-28 00:19:04,15.4,16.4,69.0,21.0,15.0
2020-05-28 00:49:04,15.1,16.3,70.0,21.0,15.0
2020-05-28 01:19:04,15.1,16.3,71.0,21.0,15.0
2020-05-28 01:49:04,15.0,16.4,72.0,21.0,15.0
2020-05-28 02:19:04,15.0,16.3,76.0,21.0,15.0
2020-05-28 02:49:04,15.1,15.6,79.0,21.0,15.0
2020-05-28 03:19:04,15.1,15.3,80.0,21.0,15.0
2020-05-28 03:49:04,15.4,15.5,81.0,21.0,15.0
2020-05-28 04:19:04,15.4,15.6,79.0,21.0,15.0
2020-05-28 04:49:04,15.9,16.3,77.0,21.0,15.0
2020-05-28 05:19:04,15.9,15.9,75.0,21.0,15.0
2020-05-28 05:49:04,16.5,16.5,75.0,21.0,15.0
2020-05-28 06:19:04,16.5,16.8,73.0,21.0,15.0
2020-05-28 06:49:04,17.2,17.5,71.0,21.0,15.0
2020-05-28 07:19:04,17.2,17.3,67.0,21.0,15.0
2020-05-28 07:49:04,18.0,18.4,67.0,21.0,15.0
2020-05-28 08:19:04,18.0,17.9,64.0,21.0,15.0
2020-05-28 08:49:04,18.8,19.0,78.0,21.0,15.0
2020-05-28 09:19:04,18.8,18.4,81.0,21.0,15.0
2020-05-28 09:49:04,19.5,19.1,83.0,21.0,15.0
2020-05-28 10:19:04,19.5,19.3,78.0,21.0,15.0
2020-05-28 10:49:04,20.1,19.9,77.0,21.0,15.0
2020-05-28 11:19:04,20.1,20.0,74.0,21.0,15.0
2020-05-28 11:49:04,20.6,21.0,70.0,21.0,15.0
2020-05-28 12:19:04,20.6,20.8,63.0,21.0,15.0
2020-05-28 12:49:04,20.9,20.7,67.0,21.0,15.0
2020-05-28 13:19:04,20.9,21.0,63.0,21.0,15.0
2020-05-28 13:49:04,21.0,21.7,78.0,21.0,15.0
2020-05-28 14:19:04,21.0,21.6,77.0,21.0,15.0
2020-05-28 14:49:04,20.9,20.6,56.0,21.0,15.0
2020-05-28 15:19:04,20.9,21.0,71.0,21.0,15.0
2020-05-28 15:49:04,20.6,21.0,51.0,21.0,15.0
2020-05-28 16:19:04,20.6,20.4,59.0,21.0,15.0
2020-05-28 16:49:04,20.1,19.3,73.0,21.0,15.0
2020-05-28 17:19:04,20.1,20.7,88.0,21.0,15.0
2020-05-28 17:49:04,19.5,20.2,62.0,21.0,15.0
2020-05-28 18:19:04,19.5,19.5,56.0,21.0,15.0
2020-05-28 18:49:04,18.8,18.4,53.0,21.0,15.0
2020-05-28 19:19:04,18.8,19.4,56.0,21.0,15.0
2020-05-28 19:49:04,18.0,18.5,54.0,21.0,15.0
2020-05-28 20:19:04,18.0,17.9,56.0,21.0,15.0
2020-05-28 20:49:04,17.2,16.9,55.0,21.0,15.0
2020-05-28 21:19:04,17.2,17.4,54.0,21.0,15.0
2020-05-28 21:49:04,16.5,16.5,55.0,21.0,15.0
2020-05-28 22:19:04,16.5,17.2,58.0,21.0,15.0
2020-05-28 22:49:04,15.9,16.6,58.0,21.0,15.0
2020-05-28 23:19:04,15.9,16.2,59.0,21.0,15.0
2020-05-28 23:49:04,15.4,15.5,57.0,21.0,15.0
2020-05-29 00:19:04,15.4,16.1,60.0,21.0,15.0
2020-05-29 00:49:04,15.1,14.9,60.0,21.0,15.0
2020-05-29 01:19:04,15.1,15.6,58.0,21.0,15.0
2020-05-29 01:49:04,15.0,15.1,60.0,21.0,15.0
2020-05-29 02:19:04,15.0,14.8,59.0,21.0,15.0
2020-05-29 02:49:04,15.1,15.8,61.0,21.0,15.0
2020-05-29 03:19:04,15.1,15.0,57.0,21.0,15.0
2020-05-29 03:49:04,15.4,15.7,58.0,21.0,15.0
2020-05-29 04:19:04,15.4,15.2,55.0,21.0,15.0
2020-05-29 04:49:04,15.9,15.9,58.0,21.0,15.0
2020-05-29 05:19:04,15.9,16.5,58.0,21.0,15.0
2020-05-29 05:49:04,16.5,16.2,53.0,21.0,15.0
2020-05-29 06:19:04,16.5,17.1,56.0,21.0,15.0
2020-05-29 06:49:04,17.2,17.2,53.0,21.0,15.0
2020-05-29 07:19:04,17.2,17.8,56.0,21.0,15.0
2020-05-29 07:49:04,18.0,18.3,59.0,21.0,15.0
2020-05-29 08:19:04,18.0,18.5,45.0,21.0,15.0
2020-05-29 08:49:04,18.8,18.7,78.0,21.0,15.0
2020-05-29 09:19:04,18.8,19.4,87.0,21.0,15.0
2020-05-29 09:49:04,19.5,19.4,67.0,21.0,15.0
2020-05-29 10:19:04,19.5,19.5,52.0,21.0,15.0
2020-05-29 10:49:04,20.1,19.9,53.0,21.0,15.0
2020-05-29 11:19:04,20.1,20.2,50.0,21.0,15.0
2020-05-29 11:49:04,20.6,21.1,60.0,21.0,15.0
2020-05-29 12:19:04,20.6,20.7,45.0,21.0,15.0
2020-05-29 12:49:04,20.9,21.2,44.0,21.0,15.0
2020-05-29 13:19:04,20.9,21.7,40.0,21.0,15.0
2020-05-29 13:49:04,21.0,21.8,41.0,21.0,15.0
2020-05-29 14:19:04,21.0,22.4,40.0,21.0,15.0
2020-05-29 14:49:04,20.9,21.2,66.0,21.0,15.0
2020-05-29 15:19:04,20.9,21.1,45.0,21.0,15.0
2020-05-29 15:49:04,20.6,20.3,66.0,21.0,15.0
2020-05-29 16:19:04,20.6,21.1,82.0,21.0,15.0
2020-05-29 16:49:04,20.1,20.8,88.0,21.0,15.0
2020-05-29 17:19:04,20.1,20.2,85.0,21.0,15.0
2020-05-29 17:49:04,19.5,20.5,37.0,21.0,15.0
2020-05-29 18:19:04,19.5,20.0,36.0,21.0,15.0
2020-05-29 18:49:04,18.8,19.5,35.0,21.0,15.0
2020-05-29 19:19:04,18.8,19.3,37.0,21.0,15.0
2020-05-29 19:49:04,18.0,19.1,36.0,21.0,15.0
2020-05-29 20:19:04,18.0,18.8,36.0,21.0,15.0
2020-05-29 20:49:04,17.2,16.8,55.0,21.0,15.0
2020-05-29 21:19:04,17.2,17.1,54.0,21.0,15.0
2020-05-29 21:49:04,16.5,17.4,44.0,21.0,15.0
2020-05-29 22:19:04,16.5,16.2,55.0,21.0,15.0
2020-05-29 22:49:04,15.9,15.8,53.0,21.0,15.0
2020-05-29 23:19:04,15.9,17.4,45.0,21.0,15.0
2020-05-29 23:49:04,15.4,15.4,60.0,21.0,15.0
2020-05-30 00:19:04,15.4,15.7,50.0,21.0,15.0
2020-05-30 00:49:04,15.1,15.5,57.0,21.0,15.0
2020-05-30 01:19:04,15.1,15.7,59.0,21.0,15.0
2020-05-30 01:49:04,15.0,15.5,48.0,21.0,15.0
2020-05-30 02:19:04,15.0,16.0,51.0,21.0,15.0
2020-05-30 02:49:04,15.1,15.4,58.0,21.0,15.0
2020-05-30 03:19:04,15.1,15.0,57.0,21.0,15.0
2020-05-30 03:49:04,15.4,15.9,51.0,21.0,15.0
2020-05-30 04:19:04,15.4,16.7,42.0,21.0,15.0
2020-05-30 04:49:04,15.9,16.8,41.0,21.0,15.0
2020-05-30 05:19:04,15.9,16.9,41.0,21.0,15.0
2020-05-30 05:49:04,16.5,17.4,40.0,21.0,15.0
2020-05-30 06:19:04,16.5,18.0,37.0,21.0,15.0
2020-05-30 06:49:04,17.2,16.6,57.0,21.0,15.0
2020-05-30 07:19:04,17.2,17.1,53.0,21.0,15.0
2020-05-30 07:49:04,18.0,18.2,49.0,21.0,15.0
2020-05-30 08:19:04,18.0,19.1,45.0,21.0,15.0
2020-05-30 08:49:04,18.8,19.1,83.0,21.0,15.0
2020-05-30 09:19:04,18.8,18.5,78.0,21.0,15.0
2020-05-30 09:49:04,19.5,19.3,70.0,21.0,15.0
2020-05-30 10:19:04,19.5,19.6,47.0,21.0,15.0
2020-05-30 10:49:04,20.1,20.8,45.0,21.0,15.0
2020-05-30 11:19:04,20.1,21.4,39.0,21.0,15.0
2020-05-30 11:49:04,20.6,20.9,38.0,21.0,15.0
2020-05-30 12:19:04,20.6,21.3,82.0,21.0,15.0
2020-05-30 12:49:04,20.9,20.7,82.0,21.0,15.0
2020-05-30 13:19:04,20.9,21.6,92.0,21.0,15.0
2020-05-30 13:49:04,21.0,20.5,90.0,21.0,15.0
2020-05-30 14:19:04,21.0,20.7,91.0,21.0,15.0
2020-05-30 14:49:04,20.9,20.8,92.0,21.0,15.0
2020-05-30 15:19:04,20.9,21.3,95.0,21.0,15.0
2020-05-30 15:49:04,20.6,19.6,91.0,21.0,15.0
2020-05-30 16:19:04,20.6,20.3,92.0,21.0,15.0
2020-05-30 16:49:04,20.1,20.5,90.0,21.0,15.0
2020-05-30 17:19:04,20.1,19.5,84.0,21.0,15.0
2020-05-30 17:49:04,19.5,19.8,47.0,21.0,15.0
2020-05-30 18:19:04,19.5,19.4,54.0,21.0,15.0
2020-05-30 18:49:04,18.8,18.6,52.0,21.0,15.0
2020-05-30 19:19:04,18.8,19.3,56.0,21.0,15.0
2020-05-30 19:49:04,18.0,18.1,56.0,21.0,15.0
2020-05-30 20:19:04,18.0,17.8,59.0,21.0,15.0
2020-05-30 20:49:04,17.2,18.1,61.0,21.0,15.0
2020-05-30 21:19:04,17.2,18.2,63.0,21.0,15.0
2020-05-30 21:49:04,16.5,17.2,72.0,21.0,15.0
2020-05-30 22:19:04,16.5,16.5,77.0,21.0,15.0
2020-05-30 22:49:04,15.9,16.1,74.0,21.0,15.0
2020-05-30 23:19:04,15.9,16.4,70.0,21.0,15.0
2020-05-30 23:49:04,15.4,16.3,67.0,21.0,15.0
2020-05-31 00:19:04,15.4,15.9,68.0,21.0,15.0
2020-05-31 00:49:04,15.1,16.2,69.0,21.0,15.0
2020-05-31 01:19:04,15.1,16.1,70.0,21.0,15.0
2020-05-31 01:49:04,15.0,15.7,70.0,21.0,15.0
2020-05-31 02:19:04,15.0,15.0,71.0,21.0,15.0
2020-05-31 02:49:04,15.1,15.2,72.0,21.0,15.0
2020-05-31 03:19:04,15.1,15.1,73.0,21.0,15.0
2020-05-31 03:49:04,15.4,15.4,72.0,21.0,15.0
2020-05-31 04:19:04,15.4,15.6,70.0,21.0,15.0
2020-05-31 04:49:04,15.9,15.9,71.0,21.0,15.0
2020-05-31 05:19:04,15.9,15.7,69.0,21.0,15.0
2020-05-31 05:49:04,16.5,16.6,69.0,21.0,15.0
2020-05-31 06:19:04,16.5,16.3,67.0,21.0,15.0
2020-05-31 06:49:04,17.2,17.2,69.0,21.0,15.0
2020-05-31 07:19:04,17.2,17.0,66.0,21.0,15.0
2020-05-31 07:49:04,18.0,18.0,68.0,21.0,15.0
2020-05-31 08:19:04,18.0,17.7,63.0,21.0,15.0
2020-05-31 08:49:04,18.8,19.1,79.0,21.0,15.0
2020-05-31 09:19:04,18.8,18.8,81.0,21.0,15.0
2020-05-31 09:49:04,19.5,19.5,83.0,21.0,15.0
2020-05-31 10:19:04,19.5,19.9,83.0,21.0,15.0
2020-05-31 10:49:04,20.1,20.5,85.0,21.0,15.0
2020-05-31 11:19:04,20.1,20.8,84.0,21.0,15.0
2020-05-31 11:49:04,20.6,20.7,77.0,21.0,15.0
2020-05-31 12:19:04,20.6,20.6,77.0,21.0,15.0
2020-05-31 12:49:04,20.9,21.6,85.0,21.0,15.0
2020-05-31 13:19:04,20.9,21.0,84.0,21.0,15.0
2020-05-31 13:49:04,21.0,19.9,78.0,21.0,15.0
2020-05-31 14:19:04,21.0,21.4,88.0,21.0,15.0
2020-05-31 14:49:04,20.9,20.8,83.0,21.0,15.0
2020-05-31 15:19:04,20.9,20.9,81.0,21.0,15.0
2020-05-31 15:49:04,20.6,20.0,77.0,21.0,15.0
2020-05-31 16:19:04,20.6,21.2,86.0,21.0,15.0
2020-05-31 16:49:04,20.1,19.7,81.0,21.0,15.0
2020-05-31 17:19:04,20.1,20.6,90.0,21.0,15.0
2020-05-31 17:49:04,19.5,19.0,74.0,21.0,15.0
2020-05-31 18:19:04,19.5,20.0,79.0,21.0,15.0
2020-05-31 18:49:04,18.8,18.4,65.0,21.0,15.0
2020-05-31 19:19:04,18.8,19.1,71.0,21.0,15.0
2020-05-31 19:49:04,18.0,17.7,66.0,21.0,15.0
2020-05-31 20:19:04,18.0,18.7,70.0,21.0,15.0
2020-05-31 20:49:04,17.2,17.6,66.0,21.0,15.0
2020-05-31 21:19:04,17.2,17.5,69.0,21.0,15.0
2020-05-31 21:49:04,16.5,16.8,68.0,21.0,15.0
2020-05-31 22:19:04,16.5,16.5,71.0,21.0,15.0
2020-05-31 22:49:04,15.9,16.3,66.0,21.0,15.0
2020-05-31 23:19:04,15.9,15.7,64.0,21.0,15.0
2020-05-31 23:49:04,15.4,15.7,59.0,21.0,15.0
2020-06-01 00:19:04,15.4,15.5,57.0,21.0,15.0
2020-06-01 00:49:04,15.1,15.1,56.0,21.0,15.0
2020-06-01 01:19:04,15.1,15.4,59.0,21.0,15.0
2020-06-01 01:49:04,15.0,14.8,54.0,21.0,15.0
2020-06-01 02:19:04,15.0,15.6,58.0,21.0,15.0
2020-06-01 02:49:04,15.1,14.9,54.0,21.0,15.0
2020-06-01 03:19:04,15.1,15.7,57.0,21.0,15.0
2020-06-01 03:49:04,15.4,15.2,58.0,21.0,15.0
2020-06-01 04:19:04,15.4,16.0,59.0,21.0,15.0
2020-06-01 04:49:04,15.9,15.5,58.0,21.0,15.0
2020-06-01 05:19:04,15.9,16.1,53.0,21.0,15.0
2020-06-01 05:49:04,16.5,16.1,55.0,21.0,15.0
2020-06-01 06:19:04,16.5,17.2,57.0,21.0,15.0
2020-06-01 06:49:04,17.2,16.5,54.0,21.0,15.0
2020-06-01 07:19:04,17.2,17.7,57.0,21.0,15.0
2020-06-01 07:49:04,18.0,17.8,54.0,21.0,15.0
2020-06-01 08:19:04,18.0,18.6,56.0,21.0,15.0
2020-06-01 08:49:04,18.8,18.1,74.0,21.0,15.0
2020-06-01 09:19:04,18.8,18.2,73.0,21.0,15.0
2020-06-01 09:49:04,19.5,19.3,71.0,21.0,15.0
2020-06-01 10:19:04,19.5,19.4,68.0,21.0,15.0
2020-06-01 10:49:04,20.1,19.9,67.0,21.0,15.0
2020-06-01 11:19:04,20.1,20.0,73.0,21.0,15.0
2020-06-01 11:49:04,20.6,21.1,75.0,21.0,15.0
2020-06-01 12:19:04,20.6,20.3,52.0,21.0,15.0
2020-06-01 12:49:04,20.9,21.4,74.0,21.0,15.0
2020-06-01 13:19:04,20.9,21.0,52.0,21.0,15.0
2020-06-01 13:49:04,21.0,20.6,61.0,21.0,15.0
2020-06-01 14:19:04,21.0,21.2,70.0,21.0,15.0
2020-06-01 14:49:04,20.9,21.4,67.0,21.0,15.0
2020-06-01 15:19:04,20.9,20.9,63.0,21.0,15.0
2020-06-01 15:49:04,20.6,21.6,41.0,21.0,15.0
2020-06-01 16:19:04,20.6,20.1,81.0,21.0,15.0
2020-06-01 16:49:04,20.1,19.3,87.0,21.0,15.0
2020-06-01 17:19:04,20.1,20.7,94.0,21.0,15.0
2020-06-01 17:49:04,19.5,19.6,83.0,21.0,15.0
2020-06-01 18:19:04,19.5,19.0,60.0,21.0,15.0
2020-06-01 18:49:04,18.8,18.3,54.0,21.0,15.0
2020-06-01 19:19:04,18.8,19.3,57.0,21.0,15.0
2020-06-01 19:49:04,18.0,18.5,56.0,21.0,15.0
2020-06-01 20:19:04,18.0,17.8,56.0,21.0,15.0
2020-06-01 20:49:04,17.2,16.8,56.0,21.0,15.0
2020-06-01 21:19:04,17.2,17.0,55.0,21.0,15.0
2020-06-01 21:49:04,16.5,16.3,57.0,21.0,15.0
2020-06-01 22:19:04,16.5,16.5,58.0,21.0,15.0
2020-06-01 22:49:04,15.9,16.4,60.0,21.0,15.0
2020-06-01 23:19:04,15.9,15.8,66.0,21.0,15.0
2020-06-01 23:49:04,15.4,16.3,67.0,21.0,15.0
2020-06-02 00:19:04,15.4,16.0,69.0,21.0,15.0
2020-06-02 00:49:04,15.1,15.6,71.0,21.0,15.0
2020-06-02 01:19:04,15.1,15.4,71.0,21.0,15.0
2020-06-02 01:49:04,15.0,15.7,71.0,21.0,15.0
2020-06-02 02:19:04,15.0,15.6,72.0,21.0,15.0
2020-06-02 02:49:04,15.1,15.3,74.0,21.0,15.0
2020-06-02 03:19:04,15.1,15.3,73.0,21.0,15.0
2020-06-02 03:49:04,15.4,15.4,74.0,21.0,15.0
2020-06-02 04:19:04,15.4,15.9,74.0,21.0,15.0
2020-06-02 04:49:04,15.9,16.1,73.0,21.0,15.0
2020-06-02 05:19:04,15.9,15.7,72.0,21.0,15.0
2020-06-02 05:49:04,16.5,16.8,73.0,21.0,15.0
2020-06-02 06:19:04,16.5,16.4,72.0,21.0,15.0
2020-06-02 06:49:04,17.2,17.7,71.0,21.0,15.0
2020-06-02 07:19:04,17.2,17.5,66.0,21.0,15.0
2020-06-02 07:49:04,18.0,18.5,68.0,21.0,15.0
2020-06-02 08:19:04,18.0,18.1,67.0,21.0,15.0
2020-06-02 08:49:04,18.8,18.6,85.0,21.0,15.0
2020-06-02 09:19:04,18.8,18.5,91.0,21.0,15.0
2020-06-02 09:49:04,19.5,19.8,93.0,21.0,15.0
2020-06-02 10:19:04,19.5,19.9,89.0,21.0,15.0
2020-06-02 10:49:04,20.1,20.8,87.0,21.0,15.0
2020-06-02 11:19:04,20.1,19.9,82.0,21.0,15.0
2020-06-02 11:49:04,20.6,20.4,72.0,21.0,15.0
2020-06-02 12:19:04,20.6,20.5,66.0,21.0,15.0
2020-06-02 12:49:04,20.9,20.6,73.0,21.0,15.0
2020-06-02 13:19:04,20.9,21.0,76.0,21.0,15.0
2020-06-02 13:49:04,21.0,21.7,82.0,21.0,15.0
2020-06-02 14:19:04,21.0,20.9,73.0,21.0,15.0
2020-06-02 14:49:04,20.9,20.6,73.0,21.0,15.0
2020-06-02 15:19:04,20.9,20.6,77.0,21.0,15.0
2020-06-02 15:49:04,20.6,20.7,81.0,21.0,15.0
2020-06-02 16:19:04,20.6,21.2,86.0,21.0,15.0
2020-06-02 16:49:04,20.1,20.7,83.0,21.0,15.0
2020-06-02 17:19:04,20.1,20.0,82.0,21.0,15.0
2020-06-02 17:49:04,19.5,19.8,61.0,21.0,15.0
2020-06-02 18:19:04,19.5,19.9,68.0,21.0,15.0
2020-06-02 18:49:04,18.8,18.6,64.0,21.0,15.0
2020-06-02 19:19:04,18.8,19.5,67.0,21.0,15.0
2020-06-02 19:49:04,18.0,18.2,68.0,21.0,15.0
2020-06-02 20:19:04,18.0,18.2,70.0,21.0,15.0
2020-06-02 20:49:04,17.2,18.0,67.0,21.0,15.0
2020-06-02 21:19:04,17.2,17.6,67.0,21.0,15.0
2020-06-02 21:49:04,16.5,17.6,66.0,21.0,15.0
2020-06-02 22:19:04,16.5,17.4,65.0,21.0,15.0
2020-06-02 22:49:04,15.9,17.2,67.0,21.0,15.0
2020-06-02 23:19:04,15.9,16.9,69.0,21.0,15.0
2020-06-02 23:49:04,15.4,16.5,75.0,21.0,15.0
2020-06-03 00:19:04,15.4,16.0,78.0,21.0,15.0
2020-06-03 00:49:04,15.1,15.8,79.0,21.0,15.0
2020-06-03 01:19:04,15.1,15.7,80.0,21.0,15.0
2020-06-03 01:49:04,15.0,15.8,80.0,21.0,15.0
2020-06-03 02:19:04,15.0,15.6,80.0,21.0,15.0
2020-06-03 02:49:04,15.1,15.1,79.0,21.0,15.0
2020-06-03 03:19:04,15.1,15.2,77.0,21.0,15.0
2020-06-03 03:49:04,15.4,15.4,70.0,21.0,15.0
2020-06-03 04:19:04,15.4,16.0,72.0,21.0,15.0
2020-06-03 04:49:04,15.9,15.8,71.0,21.0,15.0
2020-06-03 05:19:04,15.9,15.6,68.0,21.0,15.0
2020-06-03 05:49:04,16.5,16.6,69.0,21.0,15.0
2020-06-03 06:19:04,16.5,16.2,64.0,21.0,15.0
2020-06-03 06:49:04,17.2,17.3,66.0,21.0,15.0
2020-06-03 07:19:04,17.2,17.0,58.0,21.0,15.0
2020-06-03 07:49:04,18.0,17.6,61.0,21.0,15.0
2020-06-03 08:19:04,18.0,18.7,51.0,21.0,15.0
2020-06-03 08:49:04,18.8,18.7,77.0,21.0,15.0
2020-06-03 09:19:04,18.8,18.8,79.0,21.0,15.0
2020-06-03 09:49:04,19.5,20.2,81.0,21.0,15.0
2020-06-03 10:19:04,19.5,19.7,69.0,21.0,15.0
2020-06-03 10:49:04,20.1,19.9,64.0,21.0,15.0
2020-06-03 11:19:04,20.1,19.9,65.0,21.0,15.0
2020-06-03 11:49:04,20.6,21.2,77.0,21.0,15.0
2020-06-03 12:19:04,20.6,20.4,50.0,21.0,15.0
2020-06-03 12:49:04,20.9,20.6,68.0,21.0,15.0
2020-06-03 13:19:04,20.9,21.4,77.0,21.0,15.0
2020-06-03 13:49:04,21.0,21.2,51.0,21.0,15.0
2020-06-03 14:19:04,21.0,20.9,55.0,21.0,15.0
2020-06-03 14:49:04,20.9,21.5,77.0,21.0,15.0
2020-06-03 15:19:04,20.9,20.7,48.0,21.0,15.0
2020-06-03 15:49:04,20.6,20.6,68.0,21.0,15.0
2020-06-03 16:19:04,20.6,20.6,81.0,21.0,15.0
2020-06-03 16:49:04,20.1,19.0,84.0,21.0,15.0
2020-06-03 17:19:04,20.1,20.8,93.0,21.0,15.0
2020-06-03 17:49:04,19.5,19.1,80.0,21.0,15.0
2020-06-03 18:19:04,19.5,20.0,64.0,21.0,15.0
2020-06-03 18:49:04,18.8,19.0,56.0,21.0,15.0
2020-06-03 19:19:04,18.8,19.5,55.0,21.0,15.0
2020-06-03 19:49:04,18.0,18.0,52.0,21.0,15.0
2020-06-03 20:19:04,18.0,18.5,53.0,21.0,15.0
2020-06-03 20:49:04,17.2,16.3,52.0,21.0,15.0
2020-06-03 21:19:04,17.2,17.7,51.0,21.0,15.0
2020-06-03 21:49:04,16.5,17.1,54.0,21.0,15.0
2020-06-03 22:19:04,16.5,16.4,55.0,21.0,15.0
2020-06-03 22:49:04,15.9,15.3,54.0,21.0,15.0
2020-06-03 23:19:04,15.9,15.9,52.0,21.0,15.0
2020-06-03 23:49:04,15.4,16.1,56.0,21.0,15.0
2020-06-04 00:19:04,15.4,15.5,56.0,21.0,15.0
2020-06-04 00:49:04,15.1,14.6,55.0,21.0,15.0
2020-06-04 01:19:04,15.1,15.2,54.0,21.0,15.0
2020-06-04 01:49:04,15.0,15.3,57.0,21.0,15.0
2020-06-04 02:19:04,15.0,14.6,56.0,21.0,15.0
2020-06-04 02:49:04,15.1,15.8,58.0,21.0,15.0
2020-06-04 03:19:04,15.1,15.0,57.0,21.0,15.0
2020-06-04 03:49:04,15.4,15.9,58.0,21.0,15.0
2020-06-04 04:19:04,15.4,14.8,54.0,21.0,15.0
2020-06-04 04:49:04,15.9,15.6,57.0,21.0,15.0
2020-06-04 05:19:04,15.9,16.6,58.0,21.0,15.0
2020-06-04 05:49:04,16.5,15.7,55.0,21.0,15.0
2020-06-04 06:19:04,16.5,17.0,57.0,21.0,15.0
2020-06-04 06:49:04,17.2,16.3,53.0,21.0,15.0
2020-06-04 07:19:04,17.2,17.3,56.0,21.0,15.0
2020-06-04 07:49:04,18.0,17.9,57.0,21.0,15.0
2020-06-04 08:19:04,18.0,17.5,49.0,21.0,15.0
2020-06-04 08:49:04,18.8,18.9,82.0,21.0,15.0
2020-06-04 09:19:04,18.8,19.4,87.0,21.0,15.0
2020-06-04 09:49:04,19.5,19.2,82.0,21.0,15.0
2020-06-04 10:19:04,19.5,19.2,77.0,21.0,15.0
2020-06-04 10:49:04,20.1,20.6,79.0,21.0,15.0
2020-06-04 11:19:04,20.1,20.0,61.0,21.0,15.0
2020-06-04 11:49:04,20.6,20.9,71.0,21.0,15.0
2020-06-04 12:19:04,20.6,20.5,63.0,21.0,15.0
2020-06-04 12:49:04,20.9,21.3,67.0,21.0,15.0
2020-06-04 13:19:04,20.9,20.7,53.0,21.0,15.0
2020-06-04 13:49:04,21.0,21.6,76.0,21.0,15.0
2020-06-04 14:19:04,21.0,21.3,54.0,21.0,15.0
2020-06-04 14:49:04,20.9,20.7,49.0,21.0,15.0
2020-06-04 15:19:04,20.9,21.2,73.0,21.0,15.0
2020-06-04 15:49:04,20.6,20.3,56.0,21.0,15.0
2020-06-04 16:19:04,20.6,19.9,72.0,21.0,15.0
2020-06-04 16:49:04,20.1,19.0,81.0,21.0,15.0
2020-06-04 17:19:04,20.1,20.7,92.0,21.0,15.0
2020-06-04 17:49:04,19.5,19.0,78.0,21.0,15.0
2020-06-04 18:19:04,19.5,19.8,60.0,21.0,15.0
2020-06-04 18:49:04,18.8,19.1,61.0,21.0,15.0
2020-06-04 19:19:04,18.8,18.0,55.0,21.0,15.0
2020-06-04 19:49:04,18.0,17.5,51.0,21.0,15.0
2020-06-04 20:19:04,18.0,18.4,56.0,21.0,15.0
2020-06-04 20:49:04,17.2,16.5,53.0,21.0,15.0
2020-06-04 21:19:04,17.2,17.2,48.0,21.0,15.0
2020-06-04 21:49:04,16.5,16.9,49.0,21.0,15.0
2020-06-04 22:19:04,16.5,16.8,53.0,21.0,15.0
2020-06-04 22:49:04,15.9,15.4,51.0,21.0,15.0
2020-06-04 23:19:04,15.9,16.4,52.0,21.0,15.0
2020-06-04 23:49:04,15.4,15.9,54.0,21.0,15.0
2020-06-05 00:19:04,15.4,15.2,53.0,21.0,15.0
2020-06-05 00:49:04,15.1,14.8,52.0,21.0,15.0
2020-06-05 01:19:04,15.1,15.7,54.0,21.0,15.0
2020-06-05 01:49:04,15.0,15.3,54.0,21.0,15.0
2020-06-05 02:19:04,15.0,14.7,51.0,21.0,15.0
2020-06-05 02:49:04,15.1,15.7,56.0,21.0,15.0
2020-06-05 03:19:04,15.1,14.9,53.0,21.0,15.0
2020-06-05 03:49:04,15.4,15.7,54.0,21.0,15.0
2020-06-05 04:19:04,15.4,15.9,57.0,21.0,15.0
2020-06-05 04:49:04,15.9,16.1,59.0,21.0,15.0
2020-06-05 05:19:04,15.9,16.1,59.0,21.0,15.0
2020-06-05 05:49:04,16.5,16.3,60.0,21.0,15.0
2020-06-05 06:19:04,16.5,16.3,63.0,21.0,15.0
2020-06-05 06:49:04,17.2,16.6,63.0,21.0,15.0
2020-06-05 07:19:04,17.2,17.5,61.0,21.0,15.0
2020-06-05 07:49:04,18.0,18.0,59.0,21.0,15.0
2020-06-05 08:19:04,18.0,17.6,46.0,21.0,15.0
2020-06-05 08:49:04,18.8,18.8,81.0,21.0,15.0
2020-06-05 09:19:04,18.8,19.4,87.0,21.0,15.0
2020-06-05 09:49:04,19.5,19.3,71.0,21.0,15.0
2020-06-05 10:19:04,19.5,19.3,75.0,21.0,15.0
2020-06-05 10:49:04,20.1,20.9,85.0,21.0,15.0
2020-06-05 11:19:04,20.1,19.8,58.0,21.0,15.0
2020-06-05 11:49:04,20.6,20.6,73.0,21.0,15.0
2020-06-05 12:19:04,20.6,20.9,68.0,21.0,15.0
2020-06-05 12:49:04,20.9,20.7,50.0,21.0,15.0
2020-06-05 13:19:04,20.9,21.2,63.0,21.0,15.0
2020-06-05 13:49:04,21.0,21.4,70.0,21.0,15.0
2020-06-05 14:19:04,21.0,21.7,75.0,21.0,15.0
2020-06-05 14:49:04,20.9,20.9,45.0,21.0,15.0
2020-06-05 15:19:04,20.9,20.8,56.0,21.0,15.0
2020-06-05 15:49:04,20.6,20.4,47.0,21.0,15.0
2020-06-05 16:19:04,20.6,20.2,65.0,21.0,15.0
2020-06-05 16:49:04,20.1,18.8,75.0,21.0,15.0
2020-06-05 17:19:04,20.1,20.4,89.0,21.0,15.0
2020-06-05 17:49:04,19.5,18.8,61.0,21.0,15.0
2020-06-05 18:19:04,19.5,20.2,61.0,21.0,15.0
2020-06-05 18:49:04,18.8,19.0,53.0,21.0,15.0
2020-06-05 19:19:04,18.8,18.0,48.0,21.0,15.0
2020-06-05 19:49:04,18.0,18.0,47.0,21.0,15.0
2020-06-05 20:19:04,18.0,18.1,52.0,21.0,15.0
2020-06-05 20:49:04,17.2,16.5,49.0,21.0,15.0
2020-06-05 21:19:04,17.2,17.8,49.0,21.0,15.0
2020-06-05 21:49:04,16.5,17.1,50.0,21.0,15.0
2020-06-05 22:19:04,16.5,16.4,52.0,21.0,15.0
2020-06-05 22:49:04,15.9,15.4,51.0,21.0,15.0
2020-06-05 23:19:04,15.9,16.2,51.0,21.0,15.0
2020-06-05 23:49:04,15.4,16.1,54.0,21.0,15.0
2020-06-06 00:19:04,15.4,15.6,55.0,21.0,15.0
2020-06-06 00:49:04,15.1,14.8,53.0,21.0,15.0
2020-06-06 01:19:04,15.1,15.8,56.0,21.0,15.0
2020-06-06 01:49:04,15.0,15.1,56.0,21.0,15.0
2020-06-06 02:19:04,15.0,14.8,55.0,21.0,15.0
2020-06-06 02:49:04,15.1,15.8,57.0,21.0,15.0
2020-06-06 03:19:04,15.1,15.0,56.0,21.0,15.0
2020-06-06 03:49:04,15.4,15.6,54.0,21.0,15.0
2020-06-06 04:19:04,15.4,15.8,57.0,21.0,15.0
2020-06-06 04:49:04,15.9,15.8,55.0,21.0,15.0
2020-06-06 05:19:04,15.9,16.0,52.0,21.0,15.0
2020-06-06 05:49:04,16.5,16.3,56.0,21.0,15.0
2020-06-06 06:19:04,16.5,16.4,49.0,21.0,15.0
2020-06-06 06:49:04,17.2,17.1,53.0,21.0,15.0
2020-06-06 07:19:04,17.2,17.0,48.0,21.0,15.0
2020-06-06 07:49:04,18.0,17.5,52.0,21.0,15.0
2020-06-06 08:19:04,18.0,18.1,48.0,21.0,15.0
2020-06-06 08:49:04,18.8,18.0,82.0,21.0,15.0
2020-06-06 09:19:04,18.8,17.8,89.0,21.0,15.0
2020-06-06 09:49:04,19.5,19.1,89.0,21.0,15.0
2020-06-06 10:19:04,19.5,19.2,79.0,21.0,15.0
2020-06-06 10:49:04,20.1,20.3,73.0,21.0,15.0
2020-06-06 11:19:04,20.1,19.8,69.0,21.0,15.0
2020-06-06 11:49:04,20.6,20.6,65.0,21.0,15.0
2020-06-06 12:19:04,20.6,20.3,77.0,21.0,15.0
2020-06-06 12:49:04,20.9,21.2,78.0,21.0,15.0
2020-06-06 13:19:04,20.9,21.4,74.0,21.0,15.0
2020-06-06 13:49:04,21.0,21.3,70.0,21.0,15.0
2020-06-06 14:19:04,21.0,20.5,60.0,21.0,15.0
2020-06-06 14:49:04,20.9,20.3,56.0,21.0,15.0
2020-06-06 15:19:04,20.9,20.8,55.0,21.0,15.0
2020-06-06 15:49:04,20.6,20.5,57.0,21.0,15.0
2020-06-06 16:19:04,20.6,19.5,71.0,21.0,15.0
2020-06-06 16:49:04,20.1,19.3,85.0,21.0,15.0
2020-06-06 17:19:04,20.1,19.8,89.0,21.0,15.0
2020-06-06 17:49:04,19.5,18.2,72.0,21.0,15.0
2020-06-06 18:19:04,19.5,19.7,65.0,21.0,15.0
2020-06-06 18:49:04,18.8,17.7,52.0,21.0,15.0
2020-06-06 19:19:04,18.8,18.8,54.0,21.0,15.0
2020-06-06 19:49:04,18.0,16.9,51.0,21.0,15.0
2020-06-06 20:19:04,18.0,18.3,52.0,21.0,15.0
2020-06-06 20:49:04,17.2,16.3,52.0,21.0,15.0
2020-06-06 21:19:04,17.2,17.8,52.0,21.0,15.0
2020-06-06 21:49:04,16.5,16.6,52.0,21.0,15.0
2020-06-06 22:19:04,16.5,15.7,51.0,21.0,15.0
2020-06-06 22:49:04,15.9,15.9,51.0,21.0,15.0
2020-06-06 23:19:04,15.9,16.2,55.0,21.0,15.0
2020-06-06 23:49:04,15.4,15.1,56.0,21.0,15.0
2020-06-07 00:19:04,15.4,15.0,54.0,21.0,15.0
2020-06-07 00:49:04,15.1,15.7,56.0,21.0,15.0
2020-06-07 01:19:04,15.1,15.2,57.0,21.0,15.0
2020-06-07 01:49:04,15.0,14.6,56.0,21.0,15.0
2020-06-07 02:19:04,15.0,15.6,58.0,21.0,15.0
2020-06-07 02:49:04,15.1,15.0,58.0,21.0,15.0
2020-06-07 03:19:04,15.1,14.8,55.0,21.0,15.0
2020-06-07 03:49:04,15.4,15.4,58.0,21.0,15.0
2020-06-07 04:19:04,15.4,15.0,55.0,21.0,15.0
2020-06-07 04:49:04,15.9,15.7,59.0,21.0,15.0
2020-06-07 05:19:04,15.9,16.5,59.0,21.0,15.0
2020-06-07 05:49:04,16.5,15.6,58.0,21.0,15.0
2020-06-07 06:19:04,16.5,17.0,58.0,21.0,15.0
2020-06-07 06:49:04,17.2,16.7,55.0,21.0,15.0
2020-06-07 07:19:04,17.2,17.5,56.0,21.0,15.0
2020-06-07 07:49:04,18.0,18.1,57.0,21.0,15.0
2020-06-07 08:19:04,18.0,17.7,48.0,21.0,15.0
2020-06-07 08:49:04,18.8,18.3,81.0,21.0,15.0
2020-06-07 09:19:04,18.8,17.9,86.0,21.0,15.0
2020-06-07 09:49:04,19.5,18.8,89.0,21.0,15.0
2020-06-07 10:19:04,19.5,18.8,84.0,21.0,15.0
2020-06-07 10:49:04,20.1,19.7,85.0,21.0,15.0
2020-06-07 11:19:04,20.1,19.4,76.0,21.0,15.0
2020-06-07 11:49:04,20.6,20.1,79.0,21.0,15.0
2020-06-07 12:19:04,20.6,19.9,70.0,21.0,15.0
2020-06-07 12:49:04,20.9,20.5,71.0,21.0,15.0
2020-06-07 13:19:04,20.9,21.5,81.0,21.0,15.0
2020-06-07 13:49:04,21.0,20.8,46.0,21.0,15.0
2020-06-07 14:19:04,21.0,20.7,68.0,21.0,15.0
2020-06-07 14:49:04,20.9,20.9,72.0,21.0,15.0
2020-06-07 15:19:04,20.9,20.2,77.0,21.0,15.0
2020-06-07 15:49:04,20.6,20.2,73.0,21.0,15.0
2020-06-07 16:19:04,20.6,19.2,77.0,21.0,15.0
2020-06-07 16:49:04,20.1,20.3,93.0,21.0,15.0
2020-06-07 17:19:04,20.1,20.6,94.0,21.0,15.0
2020-06-07 17:49:04,19.5,17.9,80.0,21.0,15.0
2020-06-07 18:19:04,19.5,18.8,84.0,21.0,15.0
2020-06-07 18:49:04,18.8,19.4,76.0,21.0,15.0
2020-06-07 19:19:04,18.8,19.2,61.0,21.0,15.0
2020-06-07 19:49:04,18.0,16.6,51.0,21.0,15.0
2020-06-07 20:19:04,18.0,17.7,55.0,21.0,15.0
2020-06-07 20:49:04,17.2,16.1,48.0,21.0,15.0
2020-06-07 21:19:04,17.2,17.2,51.0,21.0,15.0
2020-06-07 21:49:04,16.5,15.4,47.0,21.0,15.0
2020-06-07 22:19:04,16.5,16.7,49.0,21.0,15.0
2020-06-07 22:49:04,15.9,14.9,47.0,21.0,15.0
2020-06-07 23:19:04,15.9,16.3,49.0,21.0,15.0
2020-06-07 23:49:04,15.4,14.4,48.0,21.0,15.0
2020-06-08 00:19:04,15.4,16.0,49.0,21.0,15.0
2020-06-08 00:49:04,15.1,14.6,48.0,21.0,15.0
2020-06-08 01:19:04,15.1,15.7,49.0,21.0,15.0
2020-06-08 01:49:04,15.0,14.3,49.0,21.0,15.0
2020-06-08 02:19:04,15.0,15.6,49.0,21.0,15.0
2020-06-08 02:49:04,15.1,14.3,49.0,21.0,15.0
2020-06-08 03:19:04,15.1,15.6,49.0,21.0,15.0
2020-06-08 03:49:04,15.4,15.9,48.0,21.0,15.0
2020-06-08 04:19:04,15.4,15.6,48.0,21.0,15.0
2020-06-08 04:49:04,15.9,15.2,49.0,21.0,15.0
2020-06-08 05:19:04,15.9,15.5,50.0,21.0,15.0
2020-06-08 05:49:04,16.5,15.9,50.0,21.0,15.0
2020-06-08 06:19:04,16.5,16.1,49.0,21.0,15.0
2020-06-08 06:49:04,17.2,16.1,49.0,21.0,15.0
2020-06-08 07:19:04,17.2,16.5,49.0,21.0,15.0
2020-06-08 07:49:04,18.0,17.1,48.0,21.0,15.0
2020-06-08 08:19:04,18.0,18.2,47.0,21.0,15.0
2020-06-08 08:49:04,18.8,18.1,74.0,21.0,15.0
2020-06-08 09:19:04,18.8,17.9,74.0,21.0,15.0
2020-06-08 09:49:04,19.5,18.7,71.0,21.0,15.0
2020-06-08 10:19:04,19.5,19.5,74.0,21.0,15.0
2020-06-08 10:49:04,20.1,20.8,79.0,21.0,15.0
2020-06-08 11:19:04,20.1,19.8,54.0,21.0,15.0
2020-06-08 11:49:04,20.6,20.1,57.0,21.0,15.0
2020-06-08 12:19:04,20.6,20.8,73.0,21.0,15.0
2020-06-08 12:49:04,20.9,21.1,61.0,21.0,15.0
2020-06-08 13:19:04,20.9,20.8,52.0,21.0,15.0
2020-06-08 13:49:04,21.0,21.5,73.0,21.0,15.0
2020-06-08 14:19:04,21.0,20.9,45.0,21.0,15.0
2020-06-08 14:49:04,20.9,20.6,42.0,21.0,15.0
2020-06-08 15:19:04,20.9,20.8,58.0,21.0,15.0
2020-06-08 15:49:04,20.6,20.5,72.0,21.0,15.0
2020-06-08 16:19:04,20.6,19.0,75.0,21.0,15.0
2020-06-08 16:49:04,20.1,20.4,93.0,21.0,15.0
2020-06-08 17:19:04,20.1,20.7,94.0,21.0,15.0
2020-06-08 17:49:04,19.5,17.6,80.0,21.0,15.0
2020-06-08 18:19:04,19.5,18.9,83.0,21.0,15.0
2020-06-08 18:49:04,18.8,19.4,75.0,21.0,15.0
2020-06-08 19:19:04,18.8,17.5,54.0,21.0,15.0
2020-06-08 19:49:04,18.0,18.5,56.0,21.0,15.0
2020-06-08 20:19:04,18.0,16.8,48.0,21.0,15.0
2020-06-08 20:49:04,17.2,17.6,52.0,21.0,15.0
2020-06-08 21:19:04,17.2,16.2,48.0,21.0,15.0
2020-06-08 21:49:04,16.5,16.7,45.0,21.0,15.0
2020-06-08 22:19:04,16.5,16.3,49.0,21.0,15.0
2020-06-08 22:49:04,15.9,15.0,48.0,21.0,15.0
2020-06-08 23:19:04,15.9,16.4,49.0,21.0,15.0
2020-06-08 23:49:04,15.4,15.2,49.0,21.0,15.0
2020-06-09 00:19:04,15.4,16.0,49.0,21.0,15.0
2020-06-09 00:49:04,15.1,15.2,51.0,21.0,15.0
2020-06-09 01:19:04,15.1,14.3,50.0,21.0,15.0
2020-06-09 01:49:04,15.0,15.6,53.0,21.0,15.0
2020-06-09 02:19:04,15.0,14.6,51.0,21.0,15.0
2020-06-09 02:49:04,15.1,15.6,49.0,21.0,15.0
2020-06-09 03:19:04,15.1,14.7,50.0,21.0,15.0
2020-06-09 03:49:04,15.4,15.9,51.0,21.0,15.0
2020-06-09 04:19:04,15.4,16.0,50.0,21.0,15.0
2020-06-09 04:49:04,15.9,15.8,50.0,21.0,15.0
2020-06-09 05:19:04,15.9,15.6,50.0,21.0,15.0
2020-06-09 05:49:04,16.5,15.6,52.0,21.0,15.0
2020-06-09 06:19:04,16.5,16.3,51.0,21.0,15.0
2020-06-09 06:49:04,17.2,16.6,50.0,21.0,15.0
2020-06-09 07:19:04,17.2,17.0,49.0,21.0,15.0
2020-06-09 07:49:04,18.0,17.5,48.0,21.0,15.0
2020-06-09 08:19:04,18.0,18.3,40.0,21.0,15.0
2020-06-09 08:49:04,18.8,18.0,77.0,21.0,15.0
2020-06-09 09:19:04,18.8,17.8,79.0,21.0,15.0
2020-06-09 09:49:04,19.5,18.6,74.0,21.0,15.0
2020-06-09 10:19:04,19.5,19.0,76.0,21.0,15.0
2020-06-09 10:49:04,20.1,20.8,84.0,21.0,15.0
2020-06-09 11:19:04,20.1,20.8,37.0,21.0,15.0
2020-06-09 11:49:04,20.6,21.4,38.0,21.0,15.0
2020-06-09 12:19:04,20.6,21.1,34.0,21.0,15.0
2020-06-09 12:49:04,20.9,21.3,31.0,21.0,15.0
2020-06-09 13:19:04,20.9,21.8,29.0,21.0,15.0
2020-06-09 13:49:04,21.0,21.9,29.0,21.0,15.0
2020-06-09 14:19:04,21.0,22.3,29.0,21.0,15.0
2020-06-09 14:49:04,20.9,21.4,34.0,21.0,15.0
2020-06-09 15:19:04,20.9,20.6,44.0,21.0,15.0
2020-06-09 15:49:04,20.6,21.0,45.0,21.0,15.0
2020-06-09 16:19:04,20.6,21.4,40.0,21.0,15.0
2020-06-09 16:49:04,20.1,20.1,42.0,21.0,15.0
2020-06-09 17:19:04,20.1,20.0,38.0,21.0,15.0
2020-06-09 17:49:04,19.5,19.4,43.0,21.0,15.0
2020-06-09 18:19:04,19.5,18.6,40.0,21.0,15.0
2020-06-09 18:49:04,18.8,18.8,45.0,21.0,15.0
2020-06-09 19:19:04,18.8,19.5,44.0,21.0,15.0
2020-06-09 19:49:04,18.0,16.7,44.0,21.0,15.0
2020-06-09 20:19:04,18.0,18.0,46.0,21.0,15.0
2020-06-09 20:49:04,17.2,16.1,45.0,21.0,15.0
2020-06-09 21:19:04,17.2,17.5,46.0,21.0,15.0
2020-06-09 21:49:04,16.5,15.6,44.0,21.0,15.0
2020-06-09 22:19:04,16.5,17.0,45.0,21.0,15.0
2020-06-09 22:49:04,15.9,15.2,46.0,21.0,15.0
2020-06-09 23:19:04,15.9,16.4,44.0,21.0,15.0
2020-06-09 23:49:04,15.4,15.6,48.0,21.0,15.0
