plotId,experiment,id_with_controls,treatment,PSA_0,PSA_7,PSA_14,PSA_21,AGR_0_7,AGR_7_14,AGR_14_21,RGR_0_7,RGR_7_14,RGR_14_21
080316-R1,2020,CVR480,Control,0.6428052666315028,1.3310420283557123,2.1568671220622067,3.2110261935268367,0.09831953738917278,0.11797501338664206,0.15059415306637572,0.10398222390375876,0.06895637813509013,0.056847687160610554
080317-R1,2020,Genesis090,Infected,0.45505186073171083,1.273608579303106,2.169640867769341,3.2443766570058417,0.11693667408162788,0.1280046126380336,0.15353368417664295,0.14702830846334164,0.07610105468356906,0.05748022617128558
080320-R1,2020,CVR484,Infected,0.5795671406555816,1.4433687784343827,2.144412311106361,3.3323178753458573,0.12340023396840016,0.10014907609599691,0.16970079489135662,0.13035051059071823,0.05655510330752805,0.06297179807344525
080322-R2,2020,Howzat,Control,0.49366505261069166,0.9152401083985531,1.4475300305001486,2.2168018614557905,0.06022500796969449,0.07604141744308508,0.10989597585080599,0.08818988404757715,0.06548964447000313,0.060886696794419805
080324-R2,2020,Genesis090,Infected,0.7569147030008385,2.0056850491484672,3.116381799938968,4.4441406455507595,0.17839576373537552,0.15867096439864298,0.18967983508739877,0.13921291176685022,0.06295528236647409,0.05070198147489924
080325-R2,2020,CVR484,Control,0.6864373856196853,1.9375439111576893,2.9218357419280667,4.578902398483948,0.1787295036482863,0.1406131186814825,0.23672380807941165,0.14823734455347695,0.058684421667873875,0.06417817441888353
080326-R3,2020,Howzat,Control,0.4301475348298596,1.0834686321327505,1.780759883657815,2.87172629130989,0.09333158532898442,0.09961303593215207,0.15585234395029648,0.1319706594229412,0.07098179758061875,0.06826759571951924
080330-R3,2020,Howzat,Infected,0.5601489188294003,1.1498624330516647,1.7345364457029693,2.565030296095557,0.08424478774603776,0.08352485895018637,0.11864197862751255,0.10274213084434566,0.05872826966354256,0.05589001292358694
080331-R4,2020,Genesis090,Control,0.7009430676822891,1.702073906705189,2.681499386124381,4.05254491028933,0.1430186912889857,0.13991792563131314,0.19586364630927847,0.12673943767999854,0.06493266540805906,0.05899556373927423
080332-R4,2020,CVR480,Infected,0.5777083321598862,1.19312566143234,1.9402076038437486,2.988289331489471,0.08791676132463626,0.10672599177305837,0.14972596109224606,0.10360894616840415,0.06945978711042967,0.061700873442393785
080334-R4,2020,Genesis090,Infected,0.5685405860475369,1.4936788202279614,2.277034254207777,3.234824866583382,0.13216260488291778,0.11190791913997367,0.13682723033937214,0.13798923724391712,0.06023310667227022,0.05015727984013331
080335-R4,2020,CVR484,Infected,0.5099700611299368,1.1988970773264656,1.8019641903969235,2.756295783629585,0.09841814517093268,0.08615244472435113,0.13633308474752306,0.12211504151232264,0.05821075070176376,0.060715769152972214
080336-R5,2020,Genesis090,Control,0.5091361584903416,1.5589405251980002,2.7295327817158808,4.232047873480213,0.14997205238680839,0.1672274652168401,0.21464501310919035,0.15986374803976866,0.08001771604308423,0.06265079348989912
080337-R5,2020,Howzat,Control,0.49272957199599887,1.2141518315663382,1.9726026261307206,3.1513902783162844,0.10306032279576276,0.10835011350919747,0.1683982360265091,0.12883436327861497,0.06932972126227897,0.06692713040317284
080339-R5,2020,Genesis090,Infected,1.0470505167707373,2.3911600312720513,3.50865663445308,5.390110690997907,0.19201564492875914,0.1596423718830041,0.26877915093497523,0.11797163387629213,0.05477923172422101,0.061333240297220835
080340-R5,2020,CVR480,Infected,0.5728886317389477,1.2454685740233487,1.8742773820209977,3.0152260625007035,0.09608284889777156,0.08982982971394986,0.16299266863995795,0.11093939498733087,0.05838733787086327,0.06792165967945848
080341-R1,2020,CVR480,Infected,0.7027879648008586,1.5209837014183536,2.4045062707030467,3.5542587772182976,0.11688510523107072,0.1262175098978133,0.16425035807360727,0.11029390642533489,0.06542675601669071,0.055828850056391315
080344-R1,2020,CVR484,Control,0.7411633639669254,1.8434047098336284,2.7282817888495554,4.449474788364133,0.15746304940952902,0.12641101128798957,0.24588471421636818,0.13016406590529106,0.05600825459060991,0.06987343349234987
080345-R1,2020,Howzat,Control,0.5391875705166267,1.226089750995513,1.969882703615272,2.9304650959881036,0.0981288829255552,0.10625613608853698,0.13722605605326166,0.11736025893646866,0.06773485121030566,0.05674102094267086
080347-R2,2020,CVR484,Infected,0.5850140102234138,1.2478340193682709,1.8216785444291392,3.021571949672268,0.09468857273497958,0.08197778929440977,0.17141334360616128,0.10821839239120694,0.05404986991572304,0.07228840798457305
080348-R2,2020,CVR480,Control,0.48453849410928285,1.1351207990789518,1.9130923122773424,3.063098617941506,0.09294032928138128,0.1111387875997701,0.16428661509488052,0.12161392511114431,0.07456883833699847,0.06724372561671876
080349-R2,2020,Genesis090,Control,0.5975631408423343,1.4382380512663835,2.1714015971509157,3.387892424833251,0.12009641577486417,0.10473764941207604,0.17378440395461933,0.12547344494407328,0.05885058106518438,0.06354788115864073
080350-R2,2020,CVR480,Infected,0.6049416641136485,1.1536302452479423,1.8147252869644903,2.7572882279228557,0.07838408301918484,0.09444214881664971,0.1346518487083379,0.0922195648427447,0.06471719912436348,0.05975908162887844
080351-R3,2020,CVR484,Control,0.5286232951554354,1.3955719513041522,2.1169782914274307,3.372394980917704,0.12384980802124526,0.10305804858903977,0.1793452413557533,0.13868336291860264,0.05952648650224183,0.06651906158382447
080353-R3,2020,CVR477,Infected,0.35298590232573995,0.7907708156245065,1.1346744122075316,1.7356745108304528,0.06254070189982379,0.04912908522614645,0.0858571569461316,0.11522572376550003,0.05158469164738399,0.06072147951545276
080354-R3,2020,CVR480,Infected,0.5804891315555963,1.1822956949013461,1.9659396907807858,3.0479746747118974,0.08597236619224997,0.11194914226849138,0.1545764262758731,0.10162032188080228,0.0726446132231494,0.06264385483103374
080355-R3,2020,Genesis090,Infected,0.34361810232976037,1.0154251136791121,1.7918753260876643,2.8128829056670765,0.09597243019276454,0.11092145891550745,0.14585822565420176,0.1547902517095341,0.0811364833739068,0.06442102326631405
080357-R4,2020,Howzat,Infected,0.5919589505789609,1.4699229111160745,2.2744488282733384,3.568568986500659,0.12542342293387337,0.11493227387960912,0.18487430831818866,0.12993256353406116,0.06236111310937801,0.06434670307872163
080359-R4,2020,CVR477,Infected,0.4639778614479933,0.9686425829614402,1.4684794542071193,2.160591257013927,0.07209496021620672,0.0714052673208113,0.09887311468668683,0.10515126481770651,0.059441009588435685,0.05516491911222728
080360-R4,2020,CVR480,Control,0.6829713924468478,1.333198233645722,2.1557800183101556,3.3188352297936055,0.09288954874269631,0.11751168352349052,0.1661507444976357,0.09555472114066187,0.06865312470929316,0.06163732449352447
080362-R5,2020,CVR480,Control,0.6734169256586308,1.2443804525555862,1.9493258666931876,3.0475590269412143,0.08156621812813648,0.10070648773394307,0.1568904514640038,0.08771834507599352,0.06412083226102236,0.06383676396301712
080363-R5,2020,CVR477,Control,0.3334014390276339,0.7770140808559333,1.1739042402832418,1.955194657200132,0.0633732345468999,0.05669859420390122,0.11161291670241288,0.12087302653658802,0.05894742253258096,0.07287922947884515
080364-R5,2020,CVR484,Control,0.5653646600615292,1.611300345688805,2.5955473336953396,4.131239619296292,0.1494193836610394,0.14060671257236207,0.21938461222870753,0.1496179801609461,0.06810798454462383,0.06639715699108431
080366-R1,2020,CVR477,Control,0.4373372794350877,0.9549962510197318,1.6553048656529206,2.559813976198126,0.07395128165494916,0.10004408780474125,0.12921558722074364,0.11157181584935653,0.07857615212304112,0.06227848422645832
080367-R1,2020,CVR477,Infected,0.5853165360139334,1.0596408897345388,1.5098689195946149,2.2152484615906523,0.06776062196008649,0.06431828998001086,0.1007685059994339,0.08479036547664696,0.05058468162694834,0.05476310437695061
080369-R1,2020,Genesis090,Control,0.751083568552549,1.7578689349179022,2.7779103496117417,3.9750286513711126,0.14382648090933617,0.14572020209911993,0.1710169002513387,0.12147722857252845,0.06537096132659768,0.051190426245579505
080370-R1,2020,Howzat,Infected,0.5308042841452991,0.9515669713395133,1.390276518783106,2.223779826197514,0.06010895531345917,0.06267279249194183,0.11907190105920111,0.08338809939089008,0.05416398163490465,0.06710081582022637
080371-R2,2020,CVR477,Control,0.4038278938987853,0.7704050192896796,1.259120510034988,2.078543584048156,0.05236816077012776,0.0698164986779012,0.11706043914473827,0.09227537052029754,0.07017891038280463,0.07160771130688227
080372-R2,2020,CVR477,Infected,0.5738975601030492,1.014308740031226,1.4539198554002912,2.137465830026825,0.06291588284688242,0.06280158790986645,0.09764942494664772,0.08135881449751382,0.051436560190901405,0.055051096891258526
080374-R2,2020,Howzat,Infected,0.4553660104779961,0.9455834793095081,1.4303400676724491,1.9689546711175656,0.0700310669759303,0.06925094119470586,0.07694494334930235,0.10438580873816851,0.059123618451867026,0.045655793222902995
080376-R3,2020,CVR477,Control,0.3978377815228453,0.785154267539056,1.2246133015452176,2.0084688577542735,0.05533092657374439,0.06277986200088023,0.11197936517272226,0.09711941136386847,0.06350002618611443,0.07067822107394187
080377-R3,2020,CVR484,Infected,0.4995722269090988,1.323917667593548,1.9760807993449745,2.765856721244643,0.11776363438349276,0.09316616167877521,0.11282513169995265,0.13922833770207346,0.05721717398031436,0.04803356329579773
080378-R3,2020,CVR480,Control,0.5011874587912325,1.057406925933643,1.6487063379516258,2.537480435692202,0.07945992387748721,0.08447134457399755,0.1269677282486537,0.10665638477150408,0.06345304686082924,0.06159724163956587
080380-R3,2020,Genesis090,Control,0.5911075680300242,1.453096170522121,2.240976623646457,3.3463954329104517,0.1231412289274424,0.1125543504463337,0.15791697275199926,0.1284934054129835,0.06188788479899638,0.057281716116988846
080381-R4,2020,CVR477,Control,0.4473933390308023,0.8772342516625914,1.4523180013753116,2.454791844717002,0.06140584466168415,0.08215482138753147,0.1432105490488129,0.09619084308479328,0.07202030260756508,0.07498300967341007
080382-R4,2020,Howzat,Control,0.29357281796070817,0.8086067708630076,1.4422474263416953,2.2953696160226977,0.07357627898604277,0.09052009363981253,0.12187459852585748,0.14474100287969618,0.0826635939894809,0.06638446765704452
080383-R4,2020,CVR484,Control,0.575561513525325,1.5117193818915962,2.2343245296794634,3.6038145709287632,0.13373683833803873,0.10322930682683817,0.1956414344641857,0.1379509765684407,0.05581304171200411,0.06829341842644922
080386-R5,2020,Howzat,Infected,0.5265391288367953,1.113551279484737,1.553805396920762,2.350274276588805,0.08385887866399168,0.06289344534800355,0.11378126852400615,0.10699769865278719,0.0475932511027027,0.059117859698638704
080387-R5,2020,CVR477,Infected,0.5508804599989255,1.2436955055693193,1.5726557576462428,2.1805413279396086,0.09897357793862768,0.04699432172527478,0.08684079575619512,0.11633209118282495,0.033525508820213566,0.046686772269968306
080388-R5,2020,CVR484,Infected,0.42293302924208265,1.1515063732482216,1.689402245582931,2.469399515404554,0.10408190628659128,0.07684226747638705,0.11142818140308898,0.14308748725344667,0.0547576843615062,0.05422860634024922
085462-C,2021,CVR477,Control,0.9767883532236389,1.3518345260601037,2.106933495894115,3.3080892330352083,0.05357802469092354,0.10787128140485873,0.17159367673444192,0.046421122545547845,0.0633958561072214,0.06444816868630673
085463-C,2021,WLD085,Control,0.24269889944656498,0.3604144880850377,0.5149583314295529,0.7344070872979219,0.016816512662638956,0.022077691906359324,0.031349822266909855,0.05649044954895307,0.05097589465780968,0.05071107173928842
085464-I,2021,CVR484,Infected,0.8176699020094503,1.5022393799731337,2.346794617402675,3.228028569582449,0.09779563970909763,0.12065074820422016,0.1258905645971106,0.08689335448479178,0.06372764138338319,0.045545885206273735
085465-I,2021,Howzat,Infected,1.0010030068794367,1.4667592721557259,1.9249127095660987,2.3529874477126373,0.06653660932518417,0.06545049105862469,0.06115353402093409,0.05457898373784242,0.03883217580894608,0.028686450587225663
085466-I,2021,CVR477,Infected,0.8655865166803516,1.373656457712917,1.9835015393313082,2.7276077675357566,0.07258142014750933,0.08712072594548448,0.10630088974349262,0.06597486851712707,0.052483943611362445,0.0455087446249794
085467-I,2021,CVR480,Infected,0.7826052591145839,1.4437075989583334,2.104809938802083,2.7344312148437497,0.09444319140624993,0.09444319140624995,0.08994589657738095,0.08747733933483152,0.053858663790398664,0.03738546803161797
085468-C,2021,CVR484,Control,0.4740400694876622,0.8779247818649163,1.5141157330635129,2.3310814079304834,0.057697816053893444,0.09088442159979951,0.11670938212385293,0.08803843817160115,0.07786085041230244,0.06164295563848471
085469-C,2021,CVR481,Control,0.7753439247860672,1.0680539742845663,1.829795940507786,2.8776016563859685,0.041815721356928445,0.10882028088903138,0.14968653083974037,0.04575526444720772,0.07690945367656711,0.0646789623280271
085470-C,2021,Howzat,Control,1.1073720044383744,1.721169685232605,2.678376949063502,3.8910967038406583,0.08768538297060438,0.1367438948329853,0.17324567925387946,0.06300206637217856,0.06317241225599186,0.05335429312307062
085471-C,2021,Genesis090,Control,0.6391963584787316,1.2037151388865133,1.8561723163422514,2.966377722223596,0.08064554005825453,0.0932081682079626,0.1586007722687635,0.09042232926125633,0.061871964232418517,0.06697501620173028
085472-I,2021,Howzat,Infected,1.097137522148287,1.5188298615644662,2.163065048490588,3.1020304484062975,0.060241762773739875,0.09203359813230312,0.13413791427367278,0.04646223928617282,0.05051228704597684,0.051504380092536536
085473-I,2021,Genesis090,Infected,1.1182704514891262,1.7184010726708223,2.501553060437476,3.4389898756800927,0.08573294588309945,0.11187885539523622,0.13391954503465955,0.06137299965152606,0.05364535908722402,0.045466574900636166
085474-C,2021,CVR481,Control,0.8881942388619528,1.5177467465934218,2.4417913760064325,3.506420690855303,0.089936072533067,0.1320063756304301,0.15208990212126722,0.07654166484376514,0.06792930128203342,0.051694832937083275
085475-C,2021,CVR484,Control,1.098724662456234,1.89184748994142,3.006056606260906,4.280010677406624,0.1133032610693123,0.15917273090278372,0.18199343873510257,0.07762910715879914,0.06615360895965795,0.05047519743811927
085476-I,2021,WLD085,Infected,0.22511830035415376,0.34461934428229396,0.5153213259678137,0.7206141246699191,0.01707157770402003,0.02438599738364567,0.029327542671729354,0.06083063065766752,0.05747859743280375,0.04790187990980492
085477-I,2021,CVR477,Infected,0.7393274374179989,1.1462176540362514,1.6307666593439525,2.261360703783904,0.058127173802607505,0.06922128647252872,0.09008486349142163,0.06264027137947548,0.05036896030724509,0.046702352289781084
085478-I,2021,CVR481,Infected,0.7292573917457952,1.1185837820150517,1.66217062503341,2.2930656526861086,0.05561805575275093,0.07765526328833691,0.09012786109324265,0.0611131341465957,0.05658013554362024,0.045966468801919715
085479-I,2021,Genesis090,Infected,0.8389002486979171,1.4699500572916664,2.100999865885416,2.701999683593749,0.0901499726562499,0.09014997265624995,0.08585711681547613,0.08012741403639144,0.051026418921028015,0.03593982348686721
085480-C,2021,Genesis090,Control,0.7075156148026309,1.1592984525197123,1.6676824988440846,2.4708564701881315,0.06454040538815449,0.07262629233205319,0.11473913876343526,0.07054437416699581,0.05194569965001269,0.05616141459959496
085481-C,2021,Howzat,Control,0.9067013903457138,1.4746058113001732,2.1911650956827042,2.9584822302954064,0.0811292029934942,0.1023656120546473,0.10961673351610031,0.06947611691672001,0.056577528860703406,0.042891852467203825
085482-C,2021,CVR480,Control,0.8110010401159434,1.1545114661784792,1.7243225211773838,2.5851602428038505,0.04907291800893369,0.0814015792855578,0.12297681737520952,0.05045188912099038,0.05730813578628574,0.05785046621779607
085483-C,2021,CVR481,Control,0.8472254448667438,1.2098315206720174,1.783800417835488,2.6858900102738694,0.05180086797218194,0.08199555673763867,0.12886994177691163,0.05089565169611248,0.05546643481271012,0.058466570501222136
085484-I,2021,CVR477,Infected,0.9246151367187502,1.073708984375,1.2228028320312496,1.3647969726562506,0.021299121093749984,0.021299121093749936,0.02028487723214299,0.021356670223212443,0.01857523313619368,0.015694293220010428
085485-I,2021,WLD085,Infected,0.20197401562500006,0.34395731250000006,0.4859406093749999,0.6211627968750001,0.020283328125,0.020283328124999975,0.019317455357142885,0.0760540720709272,0.04936697934248183,0.03507239812203048
085486-C,2021,CVR480,Control,0.9410298383023898,1.453675064266077,2.233295757638005,3.131692740839913,0.07323503228052673,0.11137438476741826,0.1283424261717012,0.062125043967618684,0.06134050509049437,0.048299322498136794
085487-C,2021,Genesis090,Control,0.9044826631540257,1.5793823002003866,2.3306846367498726,3.4789531259291677,0.09641423386376584,0.10732890522135514,0.16403835559704216,0.0796322804305835,0.055589748367619964,0.05722419467362884
085488-I,2021,CVR481,Infected,0.573155391834443,0.791587882502551,1.1275990708375647,1.6304616572724222,0.031204641524015427,0.04800159833357339,0.07183751234783678,0.04612629087461125,0.050543575601747166,0.05268179197124899
085489-I,2021,CVR480,Infected,0.7604733001260637,1.238727107208532,2.0456261925794315,2.992289546869748,0.06832197244035261,0.1152712979101285,0.1352376220414738,0.0696998003068134,0.07165994619004197,0.054333554264712015
085490-I,2021,Howzat,Infected,0.994974210523857,1.5900974960731182,2.229715992230755,3.0047087789183045,0.08501761222132302,0.0913740708796624,0.11071325524107849,0.06697625626688296,0.048296983854293464,0.04261520449999834
085491-I,2021,CVR484,Infected,0.6700235244733441,0.8924225857623661,1.1224601911283312,1.3545063542311095,0.03177129446986028,0.03286251505228072,0.03314945187182548,0.04094670690389992,0.03276262618052985,0.02684488545725528
085492-C,2021,CVR480,Control,0.7043424812874035,0.9769970218039067,1.4627146557470398,2.2185658885026736,0.03895064864521474,0.0693882334204476,0.1079787475365191,0.046745555252015125,0.05765224825218222,0.0595095612078106
085493-C,2021,WLD085,Control,0.5578444559414036,0.7951109694527906,1.0743903907962098,1.4270310253383498,0.03389521621591242,0.03989706019191703,0.050377233506020004,0.05062878834305171,0.04300385889317425,0.04054895107288929
085494-C,2021,CVR484,Control,1.1509972374865016,1.9195891691233886,2.6905475202430598,3.4274457125659894,0.10979884737669814,0.11013690730281016,0.10527117033184709,0.07306892272724862,0.04823336047104106,0.03458151164543899
085495-C,2021,WLD085,Control,0.5097892916721007,0.7542037798374103,1.0935798153023952,1.5527798474051713,0.034916355452187076,0.04848229078071214,0.06560000458611086,0.05595215853807074,0.05307846165688338,0.050084317916223746
085496-I,2021,CVR480,Infected,1.08014537731337,1.5279623729243088,2.2368806041711364,3.0191802066671865,0.0639738565158484,0.10127403303526109,0.11175708607086429,0.04954848924155712,0.05444960607153361,0.04284329027113979
085497-I,2021,CVR481,Infected,0.5602251358964326,0.9018751560443138,1.3432921083018792,1.894206818682545,0.048807145735411596,0.06305956460822362,0.07870210148295224,0.06801962446090079,0.05691465352035179,0.04909668390884089
085498-C,2021,Howzat,Control,0.7907704976307205,1.1607339034721265,1.6655000264052737,2.3614821973577684,0.052851915120200856,0.07210944613330675,0.09942602442178496,0.05482856797773924,0.05158184486218436,0.049880582445547925
085499-I,2021,Genesis090,Infected,0.4688193327772371,0.8104323878310328,1.174297292784511,1.5624841133787934,0.048801865007685095,0.05198070070763975,0.05545526008489749,0.0781929201578212,0.05297961165788958,0.04080100216278878
085500-I,2021,WLD085,Infected,0.23146528385416626,0.35075551041666725,0.47004573697916685,0.5836554765624993,0.01704146093750014,0.017041460937499944,0.01622996279761892,0.059379932673405626,0.04182008192135448,0.03092583838036489
085501-C,2021,CVR477,Control,0.7073155075032977,0.901823892867191,1.2896907246028384,2.3770077433104273,0.027786912194841893,0.05540954739080677,0.1553310026725127,0.034706061649272056,0.0511054942806647,0.08734857210161283
085502-C,2021,CVR477,Control,0.6985543169284734,1.1503371971151761,1.7355304042419908,2.4654355645165995,0.06454041145524325,0.08359902958954495,0.10427216575351553,0.07125677933454246,0.05875113727106973,0.05015077375854945
085503-I,2021,CVR484,Infected,1.1757925394102084,1.617108246839978,1.308107171619095,1.252261989666192,0.06304510106139564,-0.04414301074584042,-0.007977883136129016,0.045528157073155995,-0.03029404802755087,-0.006232811065496204
085504-C,2021,Genesis090,Control,1.1024096025683081,2.4010786738116723,4.01724992860083,5.764277605097761,0.1855241530347663,0.23088160782702247,0.24957538235670448,0.11120282170889559,0.07352564105176981,0.051583181099238526
085505-I,2021,Genesis090,Infected,0.5378586982203302,1.0696702328072631,1.6639635257752257,2.291142127566148,0.07597307636956185,0.08489904185256607,0.08959694311298892,0.09821568619492214,0.06312171645974579,0.045692573763342584
085506-I,2021,CVR477,Infected,0.7469587473958325,0.9781631145833344,1.2093674817708338,1.4295621171874984,0.03302919531250027,0.03302919531249991,0.03145637648809495,0.03852378295961255,0.03031090280282029,0.023895815004191783
085507-C,2021,Howzat,Control,0.889449832084142,1.3053039954306134,1.8606735714621214,2.6136998370541193,0.05940773762092449,0.07933851086164401,0.10757518079885685,0.05479830484770852,0.05064322814682297,0.04854688889528602
085508-C,2021,Genesis090,Control,1.291451656462415,2.2753975791303525,3.346539332521582,4.41661168506171,0.14056370323827677,0.15302025048446138,0.152867478934304,0.08091255663187748,0.055110282804122335,0.03963514831443644
085509-I,2021,CVR484,Infected,1.0824097281519687,1.7959535379232061,2.6153001129747215,3.5796098591641057,0.10193482996731963,0.11704951072164506,0.13775853516991202,0.07233518776891032,0.053691822442220025,0.04483927995703886
085510-I,2021,CVR481,Infected,0.9325358541666664,1.3038784166666668,1.6752209791666666,2.0288805624999995,0.05304893750000006,0.05304893749999996,0.05052279761904756,0.04788441415710611,0.035800266290158415,0.027362729924358255
085511-C,2021,Howzat,Control,1.177197411223431,1.8875117210232717,2.707442198902753,3.6141722265260765,0.10147347282854868,0.11713292541135445,0.12953286108904624,0.06744612480818528,0.051534991316762584,0.041265499322432904
085512-C,2021,CVR480,Control,1.2051072678749737,1.911349482937277,2.803167067478342,3.956706749292764,0.10089174500890048,0.12740251207729503,0.16479138311634595,0.06589156374071391,0.05470576362192947,0.04923745382887982
085513-I,2021,WLD085,Infected,0.3919762460937501,0.6214321718750003,0.8508880976562502,1.0694175507812498,0.03277941796875004,0.03277941796874998,0.031218493303571373,0.06583221822538296,0.04489340799694596,0.032655544195863424
085514-I,2021,CVR484,Infected,0.9145718241961004,1.2296691101605741,1.09394528335198,0.7061624886871263,0.04501389799492482,-0.01938911811551344,-0.05539754209497911,0.042292055998830506,-0.016707775647423356,-0.06252865736484271
085515-C,2021,CVR477,Control,0.8100853229090478,1.1219148689208902,2.0405529446458295,2.5029240913507538,0.044547078001691776,0.13123401081784847,0.06605302095784633,0.0465218042511835,0.08545484180078515,0.02917698035674435
085516-C,2021,Howzat,Control,0.7813977317160867,1.2171347936079515,1.9350205810164967,2.7998938446762476,0.06224815169883783,0.10255511248693502,0.12355332337996441,0.06331008085791652,0.06623119940220634,0.05278050589105909
085517-I,2021,WLD085,Infected,0.31000854707928965,0.4362010592718716,0.6570333617738263,0.9090991137725603,0.01802750174179742,0.031547471785993535,0.036009393142676274,0.048786201978663506,0.05851878771110375,0.0463884754479862
085518-I,2021,CVR480,Infected,1.0688618760903479,1.8464078507782675,2.685168770886967,3.5221226295596244,0.11107799638398852,0.11982298858695709,0.11956483695323675,0.07809251915535194,0.05350021909514026,0.03876003495733577
085519-C,2021,WLD085,Control,0.5803233478900899,0.7974466125718865,1.1042077336983882,1.5425898810321963,0.031017609240256667,0.043823017303785954,0.06262602104768687,0.04540420633933313,0.04649549782621753,0.04776209286809725
085520-C,2021,CVR484,Control,0.8119429339426719,1.2800312273595837,2.0404434680215244,2.9195509989663533,0.06686975620241598,0.10863032009456296,0.12558679013497556,0.06502995624206277,0.06661181378679963,0.05118038092332459
085521-I,2021,CVR477,Infected,1.0970935855511275,1.549015877067502,2.0062938347608044,2.701721459285004,0.06456032735948207,0.06532542252761463,0.09934680350345707,0.049279331881633685,0.03695276364215345,0.04251428437108535
085522-I,2021,Genesis090,Infected,1.0533170325342194,1.788946777761342,2.560769527459687,3.4168519028757687,0.10508996360387465,0.11026039281404931,0.12229748220229737,0.07566897014301541,0.051240107945058545,0.04120168870532148
085523-C,2021,CVR484,Control,0.6697642933439114,1.1345110167251595,1.6368526197799156,2.150997643437409,0.06639238905446401,0.07176308615067943,0.07344928909392763,0.07529016647243585,0.052367646831952094,0.03902235586586612
085524-C,2021,CVR477,Control,1.115748704299063,1.6760327823915755,2.191667217051185,3.2063060091788125,0.08004058258464464,0.0736620620942299,0.1449483988753754,0.058129128360575426,0.03831899696479941,0.05435099400177
085525-I,2021,Genesis090,Infected,1.036554051727157,1.7356501543207932,1.5783785072680063,1.517435124978456,0.09987087179909089,-0.02246737815039812,-0.008706197469935775,0.07364003886756847,-0.013569144724461293,-0.005625223865943504
085526-I,2021,CVR480,Infected,1.1241870807291667,1.7417564479166672,2.3593258151041665,2.9474871171874995,0.08822419531250006,0.0882241953124999,0.08402304315476185,0.06254769676368278,0.04335454996605311,0.03179672514301801
085527-C,2021,CVR481,Control,0.7971943313868879,1.0486268181134337,1.802251431768616,2.8139590863739374,0.035918926675220834,0.10766065909359747,0.14452966494361735,0.039162616758905706,0.07736502324947402,0.06365082007679347
085528-C,2021,CVR480,Control,1.3231864150931247,2.0384639348938323,3.1988722548935895,4.906876156912509,0.1021825028286725,0.16577261714282246,0.24400055743127425,0.061736253230112524,0.06437168231529138,0.06111988448555145
085529-I,2021,CVR484,Infected,0.9662856262014478,1.2393845938975896,0.7332199422174612,0.33759767073327696,0.03901413824230598,-0.07230923595430405,-0.056517467354883465,0.03555868147919741,-0.0749892179551624,-0.11079869303750825
085530-I,2021,CVR481,Infected,1.2247103532677661,1.9892001783820512,2.4531920178159288,2.846913750295578,0.10921283215918358,0.06628454849055394,0.05624596178280702,0.06928975254384116,0.029951057635172824,0.021263638844782533
085531-C,2021,CVR481,Control,0.8649728762239669,1.4552337043071957,2.321279223206311,3.4753928807810026,0.08432297544046126,0.12372078841415932,0.16487337965352739,0.07431766267865487,0.06670741625569697,0.05765558697307797
085532-C,2021,CVR477,Control,0.7549372870490569,1.250529856797871,1.8512601143842278,2.6553254587682655,0.07079893853554488,0.08581860822662238,0.11486647776914825,0.07209827766181623,0.05604274331280385,0.0515286686276158
085533-I,2021,Howzat,Infected,1.4350135078125001,1.96305965625,2.4911058046874994,2.9940068984374997,0.07543516406249998,0.07543516406249992,0.07184301339285717,0.04476143470027396,0.03403177214046899,0.026269411417126465
085534-I,2021,CVR480,Infected,0.6305837005208337,0.9400691770833332,1.249554653645833,1.5443027265625007,0.04421221093749993,0.04421221093749999,0.04210686755952394,0.05704393799908554,0.04065557493330956,0.0302550411516353
085535-C,2021,WLD085,Control,0.2884416900317149,0.4389373057088829,0.6337864094211287,0.879351592484242,0.02149937366816686,0.02783558624460655,0.03508074043758761,0.05998052000486477,0.05247934467696239,0.04678182930589842
085536-C,2021,Genesis090,Control,0.6981263299415063,1.3665129028463505,2.2381195593635326,3.2376733098283537,0.09548379612926347,0.12451523664531172,0.14279339292354587,0.09594533896304393,0.07048198032532367,0.052745560958418536
085537-I,2021,CVR481,Infected,1.3115317799479167,2.042598682291668,2.773665584635417,3.4699197773437493,0.10443812890625018,0.10443812890624983,0.09946488467261894,0.06328958703732165,0.04370670001329952,0.031994530518416484
085538-I,2021,Howzat,Infected,1.0521042660748965,1.59396744310021,1.5707616315031374,2.030639998284771,0.0774090252893305,-0.00331511594243894,0.0656969095402334,0.05934770483741334,-0.0020950768811195636,0.036684342302966876
085539-C,2021,CVR484,Control,0.9480553986427944,1.5764036557210999,2.3402520967872245,3.223504876101025,0.0897640367254722,0.10912120586658923,0.1261789684734001,0.07264120377357457,0.05644465312415513,0.04574436874339479
085540-I,2021,Howzat,Infected,1.4525454947916665,2.2982882291666673,3.144030963541667,3.9495002343749994,0.12082039062500012,0.12082039062499993,0.11506703869047609,0.0655495809553824,0.04476301790238124,0.03258333214172809
085542-I,2021,WLD085,Infected,0.31517841611589,0.4223312261738197,0.5775537210124778,0.754098757181457,0.015307544293989958,0.022174642119808304,0.025220719452711315,0.041807289066173974,0.04471593702216576,0.03810312509394232
085543-C,2021,CVR481,Control,1.0741212500000008,1.6923349999999997,2.3105487499999997,2.8993237500000006,0.08831624999999985,0.08831625,0.08411071428571441,0.0649437638141211,0.0444822597577886,0.03242749567279647
085544-I,2021,CVR477,Infected,1.1037774062499999,1.3897521250000004,1.67572684375,1.9480837187499995,0.04085353125000008,0.04085353124999992,0.038908124999999946,0.03291244302141649,0.026731657688384123,0.021514167620995086
085557-C,2021,WLD085,Control,0.7708495380322404,1.128991758707896,1.5223036444058327,1.9441729061713175,0.0511631743822365,0.05618741224256239,0.06026703739506927,0.054512437382101216,0.04269996537013292,0.03494455749909574
